Time,Current (mA)
15:51:47.601,3.72
15:51:47.601,3.87
15:51:47.601,3.72
15:51:47.601,3.87
15:51:47.601,3.60
15:51:47.601,3.72
15:51:47.601,3.87
15:51:47.601,3.60
15:51:49.958,3.30
15:51:50.163,2.91
15:51:50.375,2.69
15:51:50.558,3.05
15:51:50.770,2.52
15:51:50.981,0.95
15:51:51.178,0.76
15:51:51.379,1.14
15:51:51.579,3.21
15:51:51.778,4.35
15:51:51.985,3.62
15:51:52.181,2.55
15:51:52.377,2.15
15:51:52.591,2.36
15:51:52.796,1.11
15:51:52.996,1.44
15:51:53.195,1.22
15:51:53.395,5.03
15:51:53.600,4.66
15:51:53.800,4.95
15:51:53.996,2.00
15:51:54.200,2.08
15:51:54.395,1.99
15:51:54.614,1.72
15:51:54.806,1.54
15:51:55.016,1.82
15:51:55.220,4.98
15:51:55.421,4.67
15:51:55.622,4.85
15:51:55.828,1.73
15:51:56.027,1.53
15:51:56.225,1.65
15:51:56.433,2.34
15:51:56.633,2.23
15:51:56.833,2.36
15:51:57.035,3.53
15:51:57.231,3.68
15:51:57.441,3.47
15:51:57.645,1.37
15:51:57.846,1.46
15:51:58.046,1.20
15:51:58.245,2.38
15:51:58.441,2.49
15:51:58.646,2.44
15:51:58.857,3.44
15:51:59.044,3.22
15:51:59.259,3.38
15:51:59.462,1.17
15:51:59.664,0.63
15:51:59.865,0.96
15:52:00.063,2.77
15:52:00.269,2.58
15:52:00.471,3.20
15:52:00.664,2.67
15:52:00.876,3.03
15:52:01.078,2.47
15:52:01.273,1.01
15:52:01.483,1.38
15:52:01.680,1.20
15:52:01.879,3.33
15:52:02.079,4.60
15:52:02.290,3.86
15:52:02.489,2.40
15:52:02.696,2.07
15:52:02.894,2.22
15:52:03.101,1.75
15:52:03.293,1.58
15:52:03.496,1.85
15:52:03.707,4.90
15:52:03.908,5.03
15:52:04.101,4.79
15:52:04.310,2.01
15:52:04.513,2.01
15:52:04.714,1.93
15:52:04.909,1.89
15:52:05.118,2.04
15:52:05.312,1.99
15:52:05.525,4.77
15:52:05.711,4.24
15:52:05.923,4.50
15:52:06.132,1.56
15:52:06.316,1.67
15:52:06.529,1.47
15:52:06.726,2.22
15:52:06.935,2.13
15:52:07.123,2.30
15:52:07.343,3.68
15:52:07.541,3.83
15:52:07.732,3.56
15:52:07.950,1.45
15:52:08.147,1.12
15:52:08.348,1.37
15:52:08.544,2.31
15:52:08.749,2.45
15:52:08.954,2.39
15:52:09.152,3.51
15:52:09.360,3.35
15:52:09.558,3.02
15:52:09.761,1.33
15:52:09.954,1.44
15:52:10.163,1.11
15:52:10.371,2.40
15:52:10.568,2.33
15:52:10.773,2.48
15:52:10.966,3.42
15:52:11.178,3.15
15:52:11.379,3.34
15:52:11.583,1.03
15:52:11.784,0.74
15:52:11.986,0.73
15:52:12.184,2.48
15:52:12.384,2.63
15:52:12.591,2.52
15:52:12.795,2.57
15:52:12.995,2.90
15:52:13.197,2.39
15:52:13.402,1.14
15:52:13.603,0.79
15:52:13.799,1.26
15:52:14.004,3.66
15:52:14.208,3.05
15:52:14.409,4.18
15:52:14.614,2.30
15:52:14.815,2.01
15:52:15.016,2.15
15:52:15.220,1.35
15:52:15.414,1.67
15:52:15.618,1.49
15:52:15.818,4.81
15:52:16.028,4.99
15:52:16.218,4.68
15:52:16.433,1.95
15:52:16.628,1.98
15:52:16.829,1.87
15:52:17.033,1.97
15:52:17.233,1.85
15:52:17.431,2.06
15:52:17.645,4.61
15:52:17.838,3.92
15:52:18.042,4.22
15:52:18.251,1.82
15:52:18.447,1.61
15:52:18.646,1.72
15:52:18.847,2.04
15:52:19.051,2.20
15:52:19.254,2.35
15:52:19.460,4.27
15:52:19.661,4.48
15:52:19.861,3.86
15:52:20.062,1.65
15:52:20.259,1.78
15:52:20.468,1.56
15:52:20.665,2.18
15:52:20.872,2.29
15:52:21.070,2.21
15:52:21.278,3.80
15:52:21.479,3.53
15:52:21.679,3.68
15:52:21.878,1.52
15:52:22.079,1.35
15:52:22.280,1.45
15:52:22.488,2.47
15:52:22.685,2.39
15:52:22.892,2.51
15:52:23.097,3.30
15:52:23.296,3.41
15:52:23.495,3.14
15:52:23.703,0.71
15:52:23.896,1.02
15:52:24.097,0.72
15:52:24.302,2.58
15:52:24.510,3.03
15:52:24.701,2.63
15:52:24.913,3.09
15:52:25.114,2.55
15:52:25.317,2.89
15:52:25.508,1.31
15:52:25.715,1.14
15:52:25.912,1.48
15:52:26.118,4.32
15:52:26.322,3.64
15:52:26.513,4.85
15:52:26.723,2.15
15:52:26.928,2.30
15:52:27.121,2.01
15:52:27.340,1.51
15:52:27.540,1.81
15:52:27.734,1.65
15:52:27.945,5.01
15:52:28.143,4.84
15:52:28.344,5.00
15:52:28.551,2.01
15:52:28.747,1.99
15:52:28.945,2.01
15:52:29.159,2.02
15:52:29.355,1.93
15:52:29.556,2.06
15:52:29.764,4.34
15:52:29.965,4.74
15:52:30.162,4.20
15:52:30.363,1.77
15:52:30.567,1.58
15:52:30.768,1.69
15:52:30.967,2.07
15:52:31.173,2.20
15:52:31.374,2.11
15:52:31.566,4.25
15:52:31.774,3.73
15:52:31.968,3.86
15:52:32.190,1.40
15:52:32.382,1.50
15:52:32.575,1.31
15:52:32.784,2.34
15:52:32.992,2.25
15:52:33.184,2.39
15:52:33.391,3.51
15:52:33.584,3.63
15:52:33.796,3.43
15:52:34.004,1.34
15:52:34.201,0.77
15:52:34.400,1.12
15:52:34.606,2.38
15:52:34.798,2.48
15:52:35.010,2.44
15:52:35.214,3.07
15:52:35.405,3.27
15:52:35.613,2.85
15:52:35.822,0.74
15:52:36.016,0.75
15:52:36.222,0.77
15:52:36.428,2.62
15:52:36.627,2.51
15:52:36.830,2.79
15:52:37.021,3.02
15:52:37.235,2.47
15:52:37.436,2.75
15:52:37.627,0.75
15:52:37.838,1.15
15:52:38.043,0.79
15:52:38.246,2.64
15:52:38.442,3.48
15:52:38.634,4.59
15:52:38.847,3.02
15:52:39.050,3.22
15:52:39.242,2.79
15:52:39.450,0.76
15:52:39.659,0.75
15:52:39.847,0.78
15:52:40.055,2.62
15:52:40.262,3.33
15:52:40.461,2.72
15:52:40.660,3.04
15:52:40.857,2.51
15:52:41.060,2.85
15:52:41.269,0.72
15:52:41.475,1.06
15:52:41.675,0.81
15:52:41.882,3.93
15:52:42.078,3.18
15:52:42.274,4.27
15:52:42.485,2.32
15:52:42.684,2.59
15:52:42.885,2.21
15:52:43.091,1.24
15:52:43.285,0.96
15:52:43.490,1.33
15:52:43.686,3.70
15:52:43.892,4.81
15:52:44.086,4.05
15:52:44.293,2.41
15:52:44.501,2.09
15:52:44.704,2.30
15:52:44.901,1.67
15:52:45.108,1.47
15:52:45.301,1.74
15:52:45.509,5.03
15:52:45.718,4.57
15:52:45.909,4.98
15:52:46.123,2.01
15:52:46.310,2.14
15:52:46.519,2.01
15:52:46.726,1.62
15:52:46.917,1.87
15:52:47.124,1.71
15:52:47.336,5.03
15:52:47.525,4.83
15:52:47.736,4.99
15:52:47.938,2.02
15:52:48.132,2.01
15:52:48.326,1.84
15:52:48.545,1.58
15:52:48.736,1.35
15:52:48.945,1.65
15:52:49.153,4.92
15:52:49.344,4.18
15:52:49.552,5.02
15:52:49.760,2.04
15:52:49.953,1.99
15:52:50.143,2.02
15:52:50.367,1.53
15:52:50.559,1.81
15:52:50.752,1.63
15:52:50.964,4.86
15:52:51.167,4.91
15:52:51.357,5.03
15:52:51.578,1.95
15:52:51.773,2.00
15:52:51.965,1.91
15:52:52.174,1.93
15:52:52.382,1.77
15:52:52.575,1.99
15:52:52.784,4.77
15:52:52.974,4.94
15:52:53.184,4.64
15:52:53.391,1.97
15:52:53.584,1.75
15:52:53.794,1.91
15:52:53.985,1.91
15:52:54.195,2.06
15:52:54.401,1.96
15:52:54.610,3.92
15:52:54.801,4.28
15:52:55.007,3.80
15:52:55.210,1.65
15:52:55.410,1.77
15:52:55.613,1.58
15:52:55.811,2.14
15:52:56.011,2.07
15:52:56.218,2.20
15:52:56.424,3.90
15:52:56.616,3.64
15:52:56.824,3.81
15:52:57.016,1.65
15:52:57.228,1.47
15:52:57.421,1.57
15:52:57.622,2.13
15:52:57.831,2.27
15:52:58.024,2.18
15:52:58.233,3.51
15:52:58.442,3.65
15:52:58.630,3.44
15:52:58.844,1.36
15:52:59.047,1.48
15:52:59.240,1.22
15:52:59.446,2.35
15:52:59.653,2.48
15:52:59.853,2.42
15:53:00.050,3.49
15:53:00.258,3.30
15:53:00.450,3.42
15:53:00.658,1.33
15:53:00.868,0.85
15:53:01.057,1.06
15:53:01.269,2.61
15:53:01.473,2.49
15:53:01.674,2.68
15:53:01.879,3.06
15:53:02.066,3.26
15:53:02.274,2.86
15:53:02.481,0.74
15:53:02.677,0.73
15:53:02.879,0.81
15:53:03.088,2.65
15:53:03.281,3.42
15:53:03.489,2.78
15:53:03.697,2.99
15:53:03.890,2.44
15:53:04.082,2.74
15:53:04.303,1.37
15:53:04.505,1.18
15:53:04.702,1.49
15:53:04.905,4.35
15:53:05.107,3.60
15:53:05.308,4.75
15:53:05.517,2.16
15:53:05.718,2.38
15:53:05.906,2.07
15:53:06.123,1.44
15:53:06.325,1.72
15:53:06.520,1.52
15:53:06.729,4.56
15:53:06.922,4.97
15:53:07.126,4.96
15:53:07.331,2.13
15:53:07.532,1.99
15:53:07.732,1.90
15:53:07.935,1.50
15:53:08.135,1.29
15:53:08.339,1.62
15:53:08.539,4.84
15:53:08.743,4.14
15:53:08.945,5.02
15:53:09.142,2.04
15:53:09.350,2.00
15:53:09.551,2.01
15:53:09.756,1.60
15:53:09.957,1.87
15:53:10.155,1.72
15:53:10.358,5.02
15:53:10.560,4.79
15:53:10.762,4.98
15:53:10.962,1.82
15:53:11.169,1.94
15:53:11.371,1.70
15:53:11.570,2.06
15:53:11.776,1.97
15:53:11.969,2.09
15:53:12.180,4.27
15:53:12.377,4.63
15:53:12.582,3.99
15:53:12.787,1.67
15:53:12.987,1.48
15:53:13.188,1.61
15:53:13.389,2.15
15:53:13.594,2.26
15:53:13.793,2.17
15:53:14.000,3.49
15:53:14.199,3.63
15:53:14.401,3.43
15:53:14.604,1.25
15:53:14.803,1.39
15:53:15.000,1.07
15:53:15.205,2.44
15:53:15.412,2.33
15:53:15.611,2.48
15:53:15.818,3.39
15:53:16.018,3.12
15:53:16.219,3.31
15:53:16.419,1.01
15:53:16.621,0.75
15:53:16.821,0.63
15:53:17.030,2.52
15:53:17.226,2.72
15:53:17.427,3.72
15:53:17.636,3.19
15:53:17.827,3.37
15:53:18.034,3.06
15:53:18.238,0.70
15:53:18.428,0.88
15:53:18.638,0.78
15:53:18.845,2.64
15:53:19.042,3.34
15:53:19.240,2.79
15:53:19.451,2.89
15:53:19.646,2.39
15:53:19.852,2.59
15:53:20.057,0.79
15:53:20.257,1.27
15:53:20.458,1.12
15:53:20.663,4.95
15:53:20.864,4.32
15:53:21.064,5.01
15:53:21.254,1.99
15:53:21.467,2.13
15:53:21.670,2.01
15:53:21.876,1.70
15:53:22.076,1.51
15:53:22.277,1.81
15:53:22.475,4.97
15:53:22.676,4.67
15:53:22.868,4.83
15:53:23.084,2.02
15:53:23.288,1.86
15:53:23.477,1.98
15:53:23.694,2.12
15:53:23.895,2.05
15:53:24.095,2.18
15:53:24.299,3.88
15:53:24.501,4.25
15:53:24.702,3.77
15:53:24.906,1.62
15:53:25.099,1.73
15:53:25.298,1.52
15:53:25.513,2.18
15:53:25.713,2.31
15:53:25.914,2.25
15:53:26.118,3.74
15:53:26.309,3.51
15:53:26.515,3.64
15:53:26.725,1.51
15:53:26.919,1.34
15:53:27.111,1.46
15:53:27.331,2.47
15:53:27.524,2.39
15:53:27.726,2.53
15:53:27.926,3.33
15:53:28.126,3.42
15:53:28.329,3.18
15:53:28.543,0.82
15:53:28.743,0.80
15:53:28.932,0.63
15:53:29.143,2.51
15:53:29.342,2.81
15:53:29.547,2.58
15:53:29.754,3.20
15:53:29.951,2.70
15:53:30.141,3.06
15:53:30.363,1.19
15:53:30.559,0.94
15:53:30.759,1.32
15:53:30.967,3.84
15:53:31.165,3.21
15:53:31.365,4.35
15:53:31.571,2.30
15:53:31.771,2.53
15:53:31.966,2.16
15:53:32.176,1.32
15:53:32.378,1.64
15:53:32.578,1.45
15:53:32.780,4.33
15:53:32.980,4.99
15:53:33.180,4.77
15:53:33.390,2.01
15:53:33.585,2.00
15:53:33.789,1.95
15:53:33.995,1.91
15:53:34.196,1.77
15:53:34.391,1.98
15:53:34.598,4.73
15:53:34.802,4.92
15:53:35.003,4.56
15:53:35.201,1.95
15:53:35.398,1.72
15:53:35.609,1.86
15:53:35.810,1.97
15:53:36.011,2.10
15:53:36.202,2.02
15:53:36.416,4.58
15:53:36.616,3.97
15:53:36.808,3.64
15:53:37.015,1.86
15:53:37.223,1.99
15:53:37.418,1.77
15:53:37.627,2.01
15:53:37.823,1.92
15:53:38.028,2.06
15:53:38.234,4.36
15:53:38.424,3.80
15:53:38.632,4.23
15:53:38.838,1.78
15:53:39.029,1.57
15:53:39.234,1.69
15:53:39.442,2.07
15:53:39.640,2.19
15:53:39.847,2.12
15:53:40.047,3.57
15:53:40.254,3.72
15:53:40.453,3.48
15:53:40.654,1.41
15:53:40.858,1.50
15:53:41.049,1.30
15:53:41.267,2.35
15:53:41.463,2.25
15:53:41.660,2.39
15:53:41.861,3.49
15:53:42.067,3.30
15:53:42.273,3.42
15:53:42.477,1.22
15:53:42.672,0.79
15:53:42.878,1.08
15:53:43.088,2.63
15:53:43.277,2.50
15:53:43.485,2.83
15:53:43.691,2.99
15:53:43.881,3.17
15:53:44.089,2.68
15:53:44.283,0.78
15:53:44.497,0.64
15:53:44.697,0.95
15:53:44.901,2.82
15:53:45.097,3.87
15:53:45.299,3.22
15:53:45.509,2.70
15:53:45.710,2.27
15:53:45.910,2.48
15:53:46.114,0.99
15:53:46.315,1.36
15:53:46.516,1.68
15:53:46.720,3.26
15:53:46.922,2.70
15:53:47.118,3.69
15:53:47.327,2.50
15:53:47.527,2.78
15:53:47.728,2.33
15:53:47.931,1.15
15:53:48.134,1.48
15:53:48.330,1.27
15:53:48.539,3.65
15:53:48.729,4.87
15:53:48.941,4.17
15:53:49.144,2.36
15:53:49.342,2.04
15:53:49.545,2.20
15:53:49.752,1.77
15:53:49.948,1.59
15:53:50.149,1.86
15:53:50.358,4.89
15:53:50.558,5.03
15:53:50.749,4.78
15:53:50.964,2.01
15:53:51.164,2.02
15:53:51.365,1.98
15:53:51.570,1.84
15:53:51.759,2.02
15:53:51.965,1.93
15:53:52.159,2.28
15:53:52.360,4.89
15:53:52.560,4.51
15:53:52.774,4.77
15:53:52.979,2.01
15:53:53.180,1.84
15:53:53.379,1.97
15:53:53.574,1.86
15:53:53.786,2.06
15:53:53.987,1.95
15:53:54.187,3.93
15:53:54.381,4.25
15:53:54.593,3.80
15:53:54.798,1.65
15:53:54.998,1.77
15:53:55.198,1.57
15:53:55.391,2.14
15:53:55.591,2.09
15:53:55.805,2.19
15:53:56.010,3.79
15:53:56.210,3.53
15:53:56.412,3.69
15:53:56.616,1.09
15:53:56.813,0.61
15:53:57.017,0.93
15:53:57.223,2.73
15:53:57.408,2.57
15:53:57.624,3.19
15:53:57.829,2.75
15:53:58.026,3.08
15:53:58.227,2.53
15:53:58.430,0.92
15:53:58.633,0.75
15:53:58.831,1.12
15:53:59.039,3.20
15:53:59.243,4.28
15:53:59.443,3.64
15:53:59.647,2.51
15:53:59.843,2.16
15:54:00.049,2.35
15:54:00.253,1.14
15:54:00.445,1.47
15:54:00.647,1.77
15:54:00.859,3.65
15:54:01.059,3.03
15:54:01.254,4.15
15:54:01.460,2.34
15:54:01.666,2.57
15:54:01.864,2.17
15:54:02.071,1.31
15:54:02.272,1.65
15:54:02.473,1.44
15:54:02.678,4.36
15:54:02.875,5.01
15:54:03.075,4.79
15:54:03.282,2.16
15:54:03.481,2.01
15:54:03.682,2.04
15:54:03.890,1.90
15:54:04.085,1.76
15:54:04.274,1.97
15:54:04.492,4.76
15:54:04.693,4.87
15:54:04.893,4.43
15:54:05.103,1.91
15:54:05.303,2.01
15:54:05.497,1.82
15:54:05.708,2.00
15:54:05.900,2.11
15:54:06.095,2.03
15:54:06.309,4.43
15:54:06.508,3.83
15:54:06.711,4.29
15:54:06.914,1.48
15:54:07.118,1.57
15:54:07.306,1.39
15:54:07.515,2.27
15:54:07.714,2.19
15:54:07.917,2.33
15:54:08.124,3.53
15:54:08.318,3.69
15:54:08.526,3.46
15:54:08.732,1.38
15:54:08.932,0.93
15:54:09.132,1.17
15:54:09.342,2.35
15:54:09.542,2.47
15:54:09.744,2.42
15:54:09.947,3.44
15:54:10.143,3.24
15:54:10.348,2.75
15:54:10.554,1.01
15:54:10.755,1.37
15:54:10.955,0.81
15:54:11.146,2.44
15:54:11.356,2.36
15:54:11.559,2.48
15:54:11.759,3.34
15:54:11.963,3.04
15:54:12.168,3.24
15:54:12.366,0.74
15:54:12.573,0.78
15:54:12.775,0.60
15:54:12.979,2.49
15:54:13.176,2.73
15:54:13.380,2.56
15:54:13.580,2.45
15:54:13.786,2.72
15:54:13.981,2.29
15:54:14.191,1.18
15:54:14.392,0.90
15:54:14.587,1.31
15:54:14.792,3.91
15:54:14.993,3.18
15:54:15.194,4.44
15:54:15.394,2.24
15:54:15.598,2.04
15:54:15.793,2.14
15:54:16.010,1.33
15:54:16.202,1.65
15:54:16.405,1.48
15:54:16.609,4.81
15:54:16.813,4.98
15:54:17.013,4.73
15:54:17.220,2.00
15:54:17.410,2.00
15:54:17.609,1.91
15:54:17.828,1.94
15:54:18.029,1.79
15:54:18.225,1.99
15:54:18.426,4.70
15:54:18.631,4.04
15:54:18.831,4.36
15:54:19.025,1.87
15:54:19.237,1.65
15:54:19.425,1.77
15:54:19.642,2.00
15:54:19.843,2.13
15:54:20.043,2.06
15:54:20.241,3.62
15:54:20.442,3.78
15:54:20.642,3.51
15:54:20.852,1.44
15:54:21.052,1.51
15:54:21.256,1.29
15:54:21.461,2.33
15:54:21.661,2.47
15:54:21.862,2.38
15:54:22.059,3.48
15:54:22.259,3.30
15:54:22.460,3.41
15:54:22.672,1.28
15:54:22.875,0.75
15:54:23.074,1.04
15:54:23.274,2.65
15:54:23.480,2.53
15:54:23.674,3.04
15:54:23.884,2.76
15:54:24.076,3.08
15:54:24.288,2.51
15:54:24.492,0.95
15:54:24.688,0.73
15:54:24.893,1.16
15:54:25.098,3.39
15:54:25.296,4.62
15:54:25.492,3.92
15:54:25.703,2.40
15:54:25.901,2.05
15:54:26.101,2.20
15:54:26.309,1.76
15:54:26.510,1.60
15:54:26.712,1.88
15:54:26.917,4.87
15:54:27.116,5.00
15:54:27.316,4.73
15:54:27.522,1.99
15:54:27.724,2.00
15:54:27.924,1.88
15:54:28.130,1.93
15:54:28.330,2.10
15:54:28.530,2.00
15:54:28.731,4.54
15:54:28.925,3.90
15:54:29.123,4.28
15:54:29.342,1.81
15:54:29.538,1.59
15:54:29.730,1.41
15:54:29.947,2.04
15:54:30.144,1.99
15:54:30.342,2.12
15:54:30.554,3.99
15:54:30.750,4.24
15:54:30.948,3.80
15:54:31.154,1.61
15:54:31.357,1.43
15:54:31.557,1.52
15:54:31.752,2.18
15:54:31.959,2.35
15:54:32.158,2.25
15:54:32.359,3.69
15:54:32.561,3.45
15:54:32.762,3.54
15:54:32.975,0.80
15:54:33.171,1.06
15:54:33.376,0.67
15:54:33.577,2.58
15:54:33.776,2.47
15:54:33.975,2.64
15:54:34.180,3.05
15:54:34.375,3.20
15:54:34.587,2.69
15:54:34.793,0.76
15:54:34.994,1.24
15:54:35.195,1.06
15:54:35.398,3.17
15:54:35.594,4.36
15:54:35.800,3.73
15:54:35.998,2.02
15:54:36.206,2.07
15:54:36.408,2.01
15:54:36.611,1.78
15:54:36.811,1.63
15:54:37.010,1.90
15:54:37.210,4.80
15:54:37.409,4.97
15:54:37.611,4.58
15:54:37.824,1.91
15:54:38.025,1.68
15:54:38.225,1.77
15:54:38.430,2.05
15:54:38.631,2.19
15:54:38.825,2.10
15:54:39.025,4.04
15:54:39.235,3.66
15:54:39.426,3.43
15:54:39.643,1.59
15:54:39.840,1.69
15:54:40.040,1.48
15:54:40.241,2.24
15:54:40.450,2.17
15:54:40.647,2.32
15:54:40.855,3.54
15:54:41.046,3.37
15:54:41.250,3.44
15:54:41.461,1.21
15:54:41.657,0.61
15:54:41.858,0.94
15:54:42.058,2.47
15:54:42.264,2.63
15:54:42.464,2.57
15:54:42.674,2.48
15:54:42.863,2.70
15:54:43.071,2.23
15:54:43.275,1.28
15:54:43.476,1.15
15:54:43.677,1.50
15:54:43.882,4.77
15:54:44.075,4.18
15:54:44.276,4.99
15:54:44.481,2.01
15:54:44.689,1.95
15:54:44.880,2.01
15:54:45.094,1.81
15:54:45.294,2.02
15:54:45.493,1.95
15:54:45.693,3.81
15:54:45.893,3.97
15:54:46.092,3.62
15:54:46.307,1.48
15:54:46.496,1.57
15:54:46.708,1.38
15:54:46.911,2.31
15:54:47.108,2.25
15:54:47.314,2.42
15:54:47.518,3.40
15:54:47.707,3.12
15:54:47.914,3.28
15:54:48.125,0.82
15:54:48.325,0.76
15:54:48.527,0.70
15:54:48.731,2.60
15:54:48.929,3.38
15:54:49.124,2.89
15:54:49.335,2.14
15:54:49.525,2.26
15:54:49.732,2.03
15:54:49.942,1.60
15:54:50.143,1.47
15:54:50.345,1.78
15:54:50.544,4.90
15:54:50.743,4.42
15:54:50.944,4.72
15:54:51.156,1.95
15:54:51.347,1.70
15:54:51.558,1.82
15:54:51.762,2.00
15:54:51.957,2.13
15:54:52.157,2.07
15:54:52.358,3.52
15:54:52.558,3.67
15:54:52.761,3.43
15:54:52.960,1.21
15:54:53.175,1.40
15:54:53.357,0.91
15:54:53.572,2.45
15:54:53.775,2.39
15:54:53.975,2.54
15:54:54.187,3.17
15:54:54.376,2.61
15:54:54.576,2.90
15:54:54.791,0.71
15:54:54.990,1.16
15:54:55.190,0.97
15:54:55.391,4.95
15:54:55.593,4.36
15:54:55.796,4.98
15:54:56.005,2.00
15:54:56.199,2.04
15:54:56.403,2.01
15:54:56.610,1.84
15:54:56.810,1.72
15:54:57.009,1.96
15:54:57.203,4.72
15:54:57.413,4.05
15:54:57.615,4.23
15:54:57.820,1.82
15:54:58.021,1.56
15:54:58.219,1.67
15:54:58.425,2.11
15:54:58.626,2.25
15:54:58.826,2.40
15:54:59.026,3.79
15:54:59.224,4.00
15:54:59.434,3.62
15:54:59.625,1.48
15:54:59.839,1.55
15:55:00.040,1.36
15:55:00.245,2.35
15:55:00.445,2.48
15:55:00.641,2.43
15:55:00.850,3.43
15:55:01.046,3.19
15:55:01.248,3.34
15:55:01.457,0.97
15:55:01.658,0.74
15:55:01.859,0.55
15:55:02.063,3.52
15:55:02.264,2.99
15:55:02.457,4.20
15:55:02.669,2.25
15:55:02.863,2.45
15:55:03.064,2.09
15:55:03.275,1.45
15:55:03.477,1.27
15:55:03.676,1.63
15:55:03.882,5.03
15:55:04.080,4.78
15:55:04.280,4.95
15:55:04.488,2.02
15:55:04.679,1.89
15:55:04.890,2.00
15:55:05.094,2.12
15:55:05.294,2.01
15:55:05.491,2.16
15:55:05.696,3.83
15:55:05.900,4.13
15:55:06.092,3.68
15:55:06.305,1.50
15:55:06.494,1.20
15:55:06.706,0.92
15:55:06.907,2.30
15:55:07.108,2.48
15:55:07.308,2.37
15:55:07.512,3.50
15:55:07.707,3.30
15:55:07.906,3.40
15:55:08.125,0.81
15:55:08.307,0.70
15:55:08.508,0.96
15:55:08.724,2.52
15:55:08.926,2.44
15:55:09.126,2.63
15:55:09.326,3.20
15:55:09.527,3.36
15:55:09.726,3.04
15:55:09.940,0.71
15:55:10.138,1.10
15:55:10.341,0.77
15:55:10.541,2.70
15:55:10.746,3.84
15:55:10.942,3.29
15:55:11.145,2.60
15:55:11.343,2.16
15:55:11.543,2.36
15:55:11.756,1.67
15:55:11.956,1.53
15:55:12.157,1.80
15:55:12.359,4.87
15:55:12.560,4.92
15:55:12.754,4.88
15:55:12.957,1.57
15:55:13.160,1.60
15:55:13.371,1.40
15:55:13.576,1.98
15:55:13.776,2.16
15:55:13.977,2.06
15:55:14.176,4.34
15:55:14.375,3.80
15:55:14.577,3.96
15:55:14.789,0.86
15:55:14.977,0.94
15:55:15.191,0.78
15:55:15.391,2.44
15:55:15.593,2.32
15:55:15.791,2.53
15:55:15.993,3.37
15:55:16.192,3.46
15:55:16.397,3.19
15:55:16.607,0.71
15:55:16.808,0.86
15:55:17.007,0.79
15:55:17.207,2.69
15:55:17.407,3.23
15:55:17.607,2.80
15:55:17.807,2.93
15:55:18.010,2.17
15:55:18.207,2.49
15:55:18.424,1.44
15:55:18.624,1.23
15:55:18.823,1.59
15:55:19.032,5.21
15:55:19.225,4.70
15:55:19.429,5.11
15:55:19.624,1.63
15:55:19.840,1.52
15:55:20.024,1.59
15:55:20.241,1.74
15:55:20.441,1.98
15:55:20.641,1.88
15:55:20.846,4.92
15:55:21.045,4.31
15:55:21.240,4.58
15:55:21.457,1.04
15:55:21.641,1.18
15:55:21.841,0.95
15:55:22.062,2.25
15:55:22.259,2.19
15:55:22.459,2.35
15:55:22.663,3.55
15:55:22.863,3.73
15:55:23.063,3.46
15:55:23.263,0.85
15:55:23.473,0.74
15:55:23.673,0.76
15:55:23.874,3.88
15:55:24.077,2.39
15:55:24.273,2.57
15:55:24.477,2.48
15:55:24.682,3.38
15:55:24.874,3.04
15:55:25.075,3.25
15:55:25.291,0.77
15:55:25.491,0.84
15:55:25.692,0.72
15:55:25.890,3.59
15:55:26.092,3.02
15:55:26.290,4.27
15:55:26.495,1.97
15:55:26.690,2.28
15:55:26.904,1.81
15:55:27.106,1.35
15:55:27.310,1.17
15:55:27.509,1.52
15:55:27.706,5.41
15:55:27.907,5.39
15:55:28.109,6.30
15:55:28.307,0.43
15:55:29.724,9.31
15:55:29.930,8.85
15:55:30.123,9.81
15:55:30.940,3.50
15:55:31.140,3.28
15:55:31.341,3.83
15:55:31.541,2.49
15:55:31.740,1.50
15:55:31.941,1.95
15:55:32.756,4.66
15:55:32.957,5.84
15:55:33.157,5.48
15:55:33.372,0.84
15:55:33.573,0.91
15:55:33.769,0.77
15:55:34.174,1.49
15:55:34.580,5.40
15:55:34.780,5.57
15:55:34.980,5.06
15:55:35.190,0.68
15:55:35.390,0.24
15:55:35.590,0.49
15:55:35.993,2.85
15:55:36.390,3.25
15:55:36.601,3.44
15:55:36.795,3.00
15:55:37.007,0.11
15:55:37.209,0.10
15:55:37.406,0.30
15:55:37.606,3.38
15:55:37.808,3.14
15:55:38.006,3.53
15:55:38.221,2.78
15:55:38.423,1.81
15:55:38.608,2.33
15:55:39.424,3.93
15:55:39.630,5.61
15:55:39.831,5.74
15:55:40.029,1.95
15:55:40.236,2.52
15:55:40.427,1.60
15:55:41.244,5.30
15:55:41.440,5.80
15:55:41.642,5.93
15:55:41.845,1.33
15:55:42.043,0.88
15:55:42.256,1.58
15:55:42.456,1.57
15:55:42.660,1.96
15:55:43.056,4.57
15:55:43.256,4.67
15:55:43.457,4.30
15:55:43.673,0.51
15:55:43.873,0.84
15:55:44.073,0.49
15:55:44.275,2.01
15:55:44.475,1.84
15:55:44.874,6.30
15:55:45.073,4.67
15:55:45.275,5.44
15:55:46.092,4.76
15:55:46.297,3.11
15:55:46.492,3.31
15:55:46.690,3.21
15:55:46.899,7.04
15:55:47.100,4.14
15:55:47.302,5.53
15:55:48.108,3.36
15:55:48.723,2.19
15:55:48.923,2.55
15:55:49.124,3.05
15:55:50.136,9.55
15:55:51.946,9.08
15:55:52.156,10.05
15:55:52.339,5.72
15:55:53.772,2.87
15:55:54.172,1.41
15:55:54.989,10.75
15:55:55.172,10.78
15:55:55.378,9.87
15:55:56.995,6.63
15:55:57.205,8.89
15:55:57.406,6.35
15:55:58.826,2.42
15:55:59.023,3.03
15:55:59.224,1.74
15:56:01.861,0.32
15:56:02.058,1.18
15:56:03.072,9.17
15:56:03.272,6.42
15:56:03.474,8.25
15:56:04.893,4.01
15:56:05.094,4.74
15:56:05.291,3.66
15:56:06.306,10.60
15:56:06.706,0.95
15:56:07.106,0.34
15:56:07.928,10.27
15:56:08.122,10.57
15:56:08.325,0.00
15:56:09.739,0.00
15:56:09.939,0.00
15:56:10.956,0.00
15:56:11.156,0.00
15:56:11.359,0.00
15:56:11.761,0.00
15:56:11.961,0.00
15:56:12.372,0.00
15:56:12.572,0.00
15:56:12.972,0.00
15:56:13.172,0.00
15:56:13.373,0.00
15:56:13.576,0.00
15:56:13.774,0.00
15:56:14.389,0.00
15:56:14.592,0.00
15:56:14.997,0.00
15:56:15.395,0.00
15:56:15.596,0.00
15:56:16.615,0.00
15:56:17.005,0.00
15:56:17.422,0.00
15:56:17.826,0.00
15:56:18.223,0.00
15:56:18.422,0.00
15:56:18.633,0.00
15:56:19.839,0.00
15:56:20.051,0.00
15:56:20.652,0.00
15:56:20.862,0.00
15:56:21.059,0.00
15:56:22.274,0.00
15:56:22.672,0.00
15:56:23.688,0.00
15:56:23.888,0.00
15:56:24.094,0.00
15:56:24.505,1.04
15:56:24.689,1.25
15:56:24.888,1.10
15:56:25.105,2.37
15:56:25.305,9.91
15:56:25.506,9.90
15:56:25.705,9.89
15:56:25.906,9.89
15:56:26.109,9.89
15:56:26.305,9.89
15:56:26.506,9.89
15:56:26.706,9.89
15:56:27.124,9.90
15:56:27.326,9.90
15:56:27.530,9.88
15:56:27.731,9.88
15:56:27.932,9.88
15:56:28.137,9.89
15:56:28.338,9.89
15:56:28.538,9.89
15:56:28.740,9.90
15:56:28.939,9.90
15:56:29.138,9.90
15:56:29.342,9.88
15:56:29.542,9.88
15:56:29.751,9.88
15:56:29.956,9.89
15:56:30.155,9.90
15:56:30.356,9.89
15:56:30.555,9.91
15:56:30.955,9.91
15:56:31.157,9.88
15:56:31.355,9.88
15:56:31.555,9.88
15:56:31.774,9.90
15:56:31.974,9.90
15:56:32.174,9.90
15:56:32.379,9.91
15:56:32.579,9.90
15:56:32.779,9.91
15:56:32.979,9.89
15:56:33.188,9.89
15:56:33.388,9.89
15:56:33.588,9.90
15:56:33.993,9.90
15:56:34.190,9.88
15:56:34.388,9.89
15:56:34.589,9.88
15:56:34.805,9.89
15:56:35.005,9.89
15:56:35.206,9.89
15:56:35.405,9.90
15:56:35.611,9.90
15:56:35.810,9.90
15:56:36.005,9.88
15:56:36.211,9.88
15:56:36.405,9.88
15:56:36.623,9.89
15:56:36.824,9.89
15:56:37.025,9.89
15:56:37.430,9.90
15:56:37.631,9.90
15:56:37.836,9.88
15:56:38.037,9.88
15:56:38.238,9.88
15:56:38.439,9.90
15:56:38.639,9.90
15:56:38.843,9.90
15:56:39.038,9.91
15:56:39.246,9.91
15:56:39.438,9.91
15:56:39.654,9.88
15:56:39.842,9.88
15:56:40.055,9.88
15:56:40.257,9.90
15:56:40.460,9.90
15:56:40.655,9.90
15:56:40.855,9.90
15:56:41.056,9.90
15:56:41.255,9.90
15:56:41.471,9.89
15:56:41.672,9.89
15:56:41.871,9.89
15:56:42.072,9.90
15:56:42.472,9.90
15:56:42.672,9.90
15:56:42.881,9.89
15:56:43.072,9.89
15:56:43.288,9.89
15:56:43.488,9.89
15:56:43.689,9.89
15:56:43.897,9.90
15:56:44.088,9.90
15:56:44.288,9.90
15:56:44.504,9.88
15:56:44.705,9.89
15:56:44.900,9.88
15:56:45.105,9.89
15:56:45.304,9.89
15:56:45.505,9.89
15:56:45.709,9.90
15:56:45.905,9.90
15:56:46.105,9.90
15:56:46.316,9.88
15:56:46.505,9.88
15:56:46.720,9.88
15:56:46.924,9.89
15:56:47.125,9.89
15:56:47.326,0.92
15:56:47.531,3.21
15:56:47.731,2.88
15:56:48.137,3.40
15:56:48.338,3.34
15:56:48.538,3.44
15:56:49.543,4.71
15:56:49.955,0.94
15:56:50.155,1.96
15:56:50.357,0.20
15:56:51.165,9.84
15:56:51.355,10.58
15:56:51.568,10.55
15:56:51.771,0.39
15:56:52.990,3.44
15:56:53.188,3.59
15:56:53.388,3.39
15:56:54.404,1.85
15:56:54.604,1.77
15:56:55.004,1.22
15:56:55.210,2.47
15:56:56.021,9.52
15:56:56.222,9.58
15:56:56.414,8.55
15:56:57.831,0.15
15:56:58.040,1.15
15:56:58.237,1.34
15:56:58.438,0.91
15:56:59.854,0.56
15:57:00.054,0.45
15:57:00.256,0.38
15:57:01.671,0.12
15:57:01.871,0.03
15:57:02.079,0.04
15:57:03.087,1.13
15:57:03.287,1.30
15:57:03.496,0.07
15:57:03.690,0.06
15:57:04.707,0.71
15:57:04.905,0.98
15:57:05.104,1.24
15:57:06.527,1.94
15:57:06.721,2.80
15:57:06.928,1.58
15:57:07.737,10.53
15:57:07.938,10.46
15:57:08.137,10.55
15:57:09.153,3.13
15:57:09.555,2.48
15:57:09.755,2.90
15:57:09.958,2.11
15:57:10.771,3.96
15:57:10.971,5.37
15:57:11.171,4.52
15:57:11.371,1.97
15:57:11.573,1.39
15:57:11.770,1.67
15:57:12.587,5.33
15:57:12.787,5.42
15:57:12.990,5.11
15:57:13.188,1.04
15:57:13.393,1.12
15:57:13.591,1.01
15:57:14.404,5.17
15:57:14.605,4.64
15:57:14.804,5.22
15:57:15.621,3.04
15:57:15.824,2.99
15:57:16.021,3.25
15:57:16.229,2.66
15:57:16.431,3.13
15:57:16.622,2.30
15:57:16.837,0.51
15:57:17.037,0.40
15:57:17.238,0.88
15:57:17.437,3.90
15:57:17.638,5.30
15:57:17.837,4.49
15:57:18.043,1.57
15:57:18.237,1.44
15:57:18.439,1.82
15:57:19.050,1.70
15:57:19.254,4.62
15:57:19.454,3.40
15:57:19.654,3.71
15:57:19.854,2.99
15:57:20.054,3.01
15:57:20.253,2.87
15:57:20.454,1.22
15:57:20.670,1.69
15:57:20.871,1.46
15:57:21.075,5.42
15:57:21.271,5.32
15:57:21.470,4.24
15:57:21.682,3.68
15:57:21.881,3.24
15:57:22.071,3.16
15:57:22.287,3.27
15:57:22.487,3.33
15:57:22.689,3.33
15:57:22.891,3.30
15:57:23.087,3.29
15:57:23.287,3.29
15:57:23.495,3.31
15:57:23.701,3.32
15:57:23.902,3.33
15:57:24.104,3.33
15:57:24.307,3.33
15:57:24.508,3.34
15:57:24.708,3.25
15:57:24.904,3.37
15:57:25.104,3.37
15:57:25.315,3.39
15:57:25.520,3.44
15:57:25.720,3.40
15:57:25.920,3.38
15:57:26.121,3.36
15:57:26.326,3.35
15:57:26.524,3.36
15:57:26.732,3.34
15:57:26.933,3.34
15:57:27.138,3.33
15:57:27.338,3.32
15:57:27.537,3.33
15:57:27.737,3.29
15:57:27.943,3.28
15:57:28.145,3.28
15:57:28.350,3.28
15:57:28.550,3.28
15:57:28.743,3.30
15:57:28.953,3.27
15:57:29.149,3.27
15:57:29.353,3.25
15:57:29.554,3.25
15:57:29.753,3.32
15:57:29.954,3.29
15:57:30.167,3.27
15:57:30.364,3.24
15:57:30.565,3.23
15:57:30.771,3.25
15:57:30.970,3.27
15:57:31.171,3.24
15:57:31.375,3.26
15:57:31.570,3.27
15:57:31.771,3.24
15:57:31.987,3.29
15:57:32.184,3.26
15:57:32.372,3.27
15:57:32.592,3.24
15:57:32.790,3.31
15:57:32.990,3.32
15:57:33.191,3.29
15:57:33.392,3.31
15:57:33.594,3.31
15:57:33.797,3.28
15:57:33.992,3.34
15:57:34.203,3.26
15:57:34.405,3.28
15:57:34.604,3.29
15:57:34.804,3.27
15:57:35.014,3.27
15:57:35.214,3.30
15:57:35.414,3.33
15:57:35.620,3.42
15:57:35.820,3.47
15:57:36.021,3.37
15:57:36.220,3.58
15:57:36.424,3.59
15:57:36.624,3.62
15:57:36.824,3.67
15:57:37.032,3.70
15:57:37.233,3.84
15:57:37.437,3.81
15:57:37.637,3.78
15:57:37.837,3.44
15:57:38.037,3.33
15:57:38.239,3.25
15:57:38.438,3.26
15:57:38.642,3.26
15:57:38.850,3.26
15:57:39.037,3.28
15:57:39.254,3.26
15:57:39.454,3.29
15:57:39.653,3.26
15:57:39.854,3.25
15:57:40.064,3.26
15:57:40.253,3.30
15:57:40.469,3.33
15:57:40.656,3.24
15:57:40.857,3.28
15:57:41.070,3.28
15:57:41.270,3.25
15:57:41.470,3.23
15:57:41.670,3.26
15:57:41.872,3.28
15:57:42.070,3.27
15:57:42.287,3.27
15:57:42.484,3.25
15:57:42.685,3.35
15:57:42.887,3.31
15:57:43.087,3.26
15:57:43.287,3.25
15:57:43.491,3.25
15:57:43.687,3.28
15:57:43.887,3.24
15:57:44.103,3.26
15:57:44.303,3.30
15:57:44.503,3.27
15:57:44.713,3.25
15:57:44.909,3.23
15:57:45.110,3.26
15:57:45.314,3.29
15:57:45.507,3.23
15:57:45.716,3.22
15:57:45.920,3.22
15:57:46.119,3.20
15:57:46.321,3.21
15:57:46.521,3.22
15:57:46.726,3.19
15:57:46.925,3.26
15:57:47.132,3.25
15:57:47.330,3.28
15:57:47.532,3.29
15:57:47.738,3.29
16:10:21.162,3.46
16:10:21.374,3.36
16:10:21.579,3.34
16:10:21.767,3.37
16:10:21.980,3.29
16:10:22.174,2.56
16:10:22.386,2.67
16:10:22.586,2.46
16:10:22.787,2.90
16:10:22.991,3.00
16:10:23.192,2.97
16:10:23.392,3.28
16:10:23.584,3.21
16:10:23.798,3.23
16:10:24.004,2.41
16:10:24.203,2.29
16:10:24.404,2.36
16:10:24.609,3.08
16:10:24.808,3.05
16:10:25.010,3.11
16:10:25.213,3.06
16:10:25.409,3.17
16:10:25.610,3.03
16:10:25.810,2.34
16:10:26.023,2.27
16:10:26.222,2.37
16:10:26.429,3.15
16:10:26.629,3.33
16:10:26.816,3.22
16:10:27.033,2.86
16:10:27.235,2.78
16:10:27.429,2.82
16:10:27.640,2.73
16:10:27.839,2.69
16:10:28.033,2.78
16:10:28.243,3.38
16:10:28.442,3.44
16:10:28.635,3.35
16:10:28.847,2.66
16:10:29.055,2.71
16:10:29.255,2.54
16:10:29.447,2.86
16:10:29.659,2.95
16:10:29.861,2.92
16:10:30.058,3.30
16:10:30.258,3.22
16:10:30.459,3.26
16:10:30.671,2.45
16:10:30.866,2.32
16:10:31.069,2.39
16:10:31.277,3.08
16:10:31.473,3.04
16:10:31.673,3.09
16:10:31.884,3.10
16:10:32.084,3.17
16:10:32.284,3.05
16:10:32.487,2.30
16:10:32.691,2.39
16:10:32.879,2.34
16:10:33.088,3.15
16:10:33.293,3.31
16:10:33.490,3.21
16:10:33.701,3.00
16:10:33.899,2.88
16:10:34.095,2.94
16:10:34.307,2.59
16:10:34.505,2.53
16:10:34.702,2.65
16:10:34.909,3.50
16:10:35.111,3.48
16:10:35.311,3.48
16:10:35.520,2.78
16:10:35.716,2.82
16:10:35.918,2.74
16:10:36.120,2.69
16:10:36.320,2.78
16:10:36.521,2.74
16:10:36.721,3.43
16:10:36.927,3.33
16:10:37.125,3.38
16:10:37.329,2.43
16:10:37.537,2.53
16:10:37.737,2.36
16:10:37.941,2.99
16:10:38.139,2.94
16:10:38.340,3.03
16:10:38.547,3.22
16:10:38.747,3.27
16:10:38.948,3.20
16:10:39.154,2.34
16:10:39.352,2.34
16:10:39.554,2.30
16:10:39.754,3.09
16:10:39.959,3.17
16:10:40.158,3.11
16:10:40.362,3.13
16:10:40.562,2.97
16:10:40.768,2.92
16:10:40.971,2.36
16:10:41.173,2.32
16:10:41.370,2.40
16:10:41.575,3.21
16:10:41.770,3.15
16:10:41.971,3.30
16:10:42.185,2.97
16:10:42.381,2.89
16:10:42.579,2.91
16:10:42.789,2.51
16:10:42.988,2.61
16:10:43.188,2.59
16:10:43.396,3.46
16:10:43.592,3.51
16:10:43.793,3.54
16:10:44.004,2.74
16:10:44.199,2.76
16:10:44.386,2.66
16:10:44.610,2.82
16:10:44.802,2.77
16:10:45.001,2.87
16:10:45.204,3.34
16:10:45.416,3.37
16:10:45.609,3.28
16:10:45.821,2.47
16:10:46.019,2.30
16:10:46.219,2.39
16:10:46.419,3.02
16:10:46.621,3.08
16:10:46.821,3.06
16:10:47.024,3.07
16:10:47.224,3.12
16:10:47.424,3.02
16:10:47.633,2.40
16:10:47.837,2.37
16:10:48.034,2.47
16:10:48.235,3.33
16:10:48.437,3.24
16:10:48.636,3.43
16:10:48.837,2.90
16:10:49.039,2.83
16:10:49.241,2.87
16:10:49.453,2.60
16:10:49.653,2.70
16:10:49.856,2.66
16:10:50.053,3.52
16:10:50.253,3.46
16:10:50.453,3.35
16:10:50.655,2.78
16:10:50.853,2.81
16:10:51.069,2.75
16:10:51.269,2.76
16:10:51.471,2.72
16:10:51.675,2.81
16:10:51.875,3.38
16:10:52.075,3.29
16:10:52.276,3.33
16:10:52.486,2.57
16:10:52.677,2.39
16:10:52.886,2.44
16:10:53.092,2.95
16:10:53.287,3.04
16:10:53.486,3.02
16:10:53.686,3.12
16:10:53.893,3.18
16:10:54.096,3.06
16:10:54.304,2.35
16:10:54.500,2.32
16:10:54.698,2.40
16:10:54.904,3.24
16:10:55.104,3.16
16:10:55.306,3.34
16:10:55.509,2.92
16:10:55.711,2.87
16:10:55.912,2.88
16:10:56.120,2.55
16:10:56.320,2.65
16:10:56.520,2.61
16:10:56.729,3.44
16:10:56.920,3.49
16:10:57.127,3.37
16:10:57.330,2.68
16:10:57.529,2.71
16:10:57.730,2.57
16:10:57.940,2.87
16:10:58.137,2.81
16:10:58.339,2.94
16:10:58.543,3.29
16:10:58.739,3.23
16:10:58.940,3.25
16:10:59.148,2.39
16:10:59.345,2.32
16:10:59.545,2.31
16:10:59.755,3.05
16:10:59.955,3.09
16:11:00.157,3.08
16:11:00.361,3.02
16:11:00.562,3.06
16:11:00.763,2.94
16:11:00.962,2.46
16:11:01.170,2.40
16:11:01.370,2.53
16:11:01.571,3.42
16:11:01.773,3.52
16:11:01.971,3.50
16:11:02.179,2.87
16:11:02.378,2.79
16:11:02.581,2.82
16:11:02.787,2.63
16:11:02.986,2.73
16:11:03.187,2.69
16:11:03.388,3.36
16:11:03.587,3.40
16:11:03.792,3.32
16:11:03.996,2.54
16:11:04.189,2.63
16:11:04.397,2.45
16:11:04.603,2.95
16:11:04.802,2.90
16:11:05.007,3.00
16:11:05.202,3.26
16:11:05.412,3.19
16:11:05.613,3.23
16:11:05.817,2.30
16:11:06.018,2.29
16:11:06.217,2.28
16:11:06.415,3.18
16:11:06.624,3.13
16:11:06.816,3.26
16:11:07.027,3.00
16:11:07.223,3.04
16:11:07.427,2.93
16:11:07.637,2.48
16:11:07.836,2.42
16:11:08.036,2.55
16:11:08.241,3.44
16:11:08.429,3.51
16:11:08.640,3.51
16:11:08.847,2.88
16:11:09.043,2.80
16:11:09.244,2.80
16:11:09.455,2.64
16:11:09.645,2.74
16:11:09.852,2.83
16:11:10.054,3.50
16:11:10.255,3.52
16:11:10.455,3.46
16:11:10.663,2.76
16:11:10.861,2.77
16:11:11.064,2.71
16:11:11.269,2.78
16:11:11.471,2.89
16:11:11.670,2.82
16:11:11.869,3.37
16:11:12.072,3.29
16:11:12.273,3.33
16:11:12.479,2.57
16:11:12.682,2.41
16:11:12.878,2.46
16:11:13.086,3.05
16:11:13.287,3.04
16:11:13.489,3.08
16:11:13.690,3.18
16:11:13.890,3.20
16:11:14.091,3.09
16:11:14.296,2.32
16:11:14.487,2.29
16:11:14.701,2.36
16:11:14.903,3.17
16:11:15.102,3.34
16:11:15.294,3.26
16:11:15.510,3.01
16:11:15.707,2.91
16:11:15.905,2.94
16:11:16.119,2.64
16:11:16.319,2.57
16:11:16.520,2.69
16:11:16.722,3.50
16:11:16.922,3.52
16:11:17.120,3.47
16:11:17.331,2.76
16:11:17.525,2.79
16:11:17.731,2.71
16:11:17.937,2.77
16:11:18.137,2.87
16:11:18.336,2.80
16:11:18.543,3.39
16:11:18.736,3.31
16:11:18.945,3.34
16:11:19.149,2.59
16:11:19.346,2.43
16:11:19.547,2.32
16:11:19.756,2.92
16:11:19.953,2.85
16:11:20.153,2.98
16:11:20.361,3.29
16:11:20.553,3.32
16:11:20.755,3.25
16:11:20.964,2.37
16:11:21.163,2.31
16:11:21.360,2.31
16:11:21.569,3.05
16:11:21.771,3.09
16:11:21.970,3.07
16:11:22.170,3.19
16:11:22.371,3.07
16:11:22.573,3.13
16:11:22.777,2.43
16:11:22.979,2.36
16:11:23.184,2.49
16:11:23.388,3.35
16:11:23.588,3.29
16:11:23.787,3.44
16:11:23.983,2.89
16:11:24.186,2.91
16:11:24.397,2.86
16:11:24.589,2.60
16:11:24.798,2.70
16:11:24.991,2.65
16:11:25.205,3.51
16:11:25.398,3.47
16:11:25.604,3.49
16:11:25.798,2.60
16:11:26.009,2.71
16:11:26.215,2.49
16:11:26.405,2.92
16:11:26.614,2.86
16:11:26.811,2.98
16:11:27.018,3.28
16:11:27.226,3.31
16:11:27.425,3.24
16:11:27.625,2.34
16:11:27.831,2.29
16:11:28.024,2.29
16:11:28.230,3.07
16:11:28.437,3.12
16:11:28.636,3.09
16:11:28.839,3.15
16:11:29.035,3.03
16:11:29.243,3.08
16:11:29.437,2.48
16:11:29.644,2.43
16:11:29.848,2.57
16:11:30.051,3.45
16:11:30.257,3.39
16:11:30.448,3.53
16:11:30.658,2.86
16:11:30.863,2.75
16:11:31.061,2.78
16:11:31.267,2.68
16:11:31.464,2.78
16:11:31.655,2.73
16:11:31.875,3.46
16:11:32.072,3.35
16:11:32.271,3.40
16:11:32.480,2.43
16:11:32.682,2.50
16:11:32.878,2.35
16:11:33.087,3.01
16:11:33.279,2.98
16:11:33.485,3.06
16:11:33.694,3.20
16:11:33.894,3.24
16:11:34.090,3.13
16:11:34.300,2.28
16:11:34.493,2.38
16:11:34.697,2.34
16:11:34.903,3.16
16:11:35.102,3.31
16:11:35.303,3.23
16:11:35.513,2.86
16:11:35.708,2.89
16:11:35.909,2.81
16:11:36.112,2.65
16:11:36.315,2.60
16:11:36.512,2.70
16:11:36.720,3.48
16:11:36.921,3.50
16:11:37.121,3.40
16:11:37.327,2.73
16:11:37.523,2.52
16:11:37.728,2.62
16:11:37.927,2.84
16:11:38.131,2.96
16:11:38.331,2.92
16:11:38.532,3.31
16:11:38.735,3.24
16:11:38.935,3.17
16:11:39.145,2.42
16:11:39.342,2.48
16:11:39.547,2.30
16:11:39.751,3.04
16:11:39.952,3.00
16:11:40.147,3.08
16:11:40.357,3.18
16:11:40.547,3.05
16:11:40.754,3.08
16:11:40.960,2.32
16:11:41.158,2.41
16:11:41.357,2.38
16:11:41.565,3.19
16:11:41.756,3.37
16:11:41.963,3.30
16:11:42.171,2.83
16:11:42.364,2.87
16:11:42.559,2.78
16:11:42.783,2.70
16:11:42.977,2.65
16:11:43.178,2.74
16:11:43.376,3.45
16:11:43.584,3.50
16:11:43.776,3.37
16:11:43.986,2.67
16:11:44.187,2.44
16:11:44.389,2.51
16:11:44.601,2.91
16:11:44.790,3.02
16:11:44.996,2.98
16:11:45.207,3.17
16:11:45.401,3.19
16:11:45.593,3.07
16:11:45.800,2.34
16:11:46.009,2.29
16:11:46.207,2.39
16:11:46.419,3.21
16:11:46.620,3.15
16:11:46.812,3.34
16:11:47.021,2.93
16:11:47.221,2.86
16:11:47.422,2.87
16:11:47.626,2.56
16:11:47.823,2.66
16:11:48.027,2.64
16:11:48.233,3.52
16:11:48.429,3.46
16:11:48.625,3.35
16:11:48.830,2.76
16:11:49.039,2.80
16:11:49.230,2.73
16:11:49.435,2.76
16:11:49.644,2.72
16:11:49.839,2.80
16:11:50.046,3.34
16:11:50.240,3.27
16:11:50.445,3.30
16:11:50.654,2.49
16:11:50.849,2.34
16:11:51.056,2.39
16:11:51.265,2.99
16:11:51.463,3.07
16:11:51.666,3.05
16:11:51.863,3.06
16:11:52.071,3.11
16:11:52.270,3.00
16:11:52.477,2.40
16:11:52.677,2.38
16:11:52.873,2.50
16:11:53.078,3.38
16:11:53.274,3.31
16:11:53.481,3.49
16:11:53.686,2.86
16:11:53.885,2.77
16:11:54.085,2.80
16:11:54.295,2.66
16:11:54.486,2.76
16:11:54.682,2.73
16:11:54.902,3.32
16:11:55.092,3.35
16:11:55.292,3.28
16:11:55.499,2.42
16:11:55.703,2.48
16:11:55.903,2.31
16:11:56.111,3.05
16:11:56.315,3.01
16:11:56.510,3.07
16:11:56.720,3.17
16:11:56.918,3.03
16:11:57.118,3.07
16:11:57.326,2.35
16:11:57.519,2.44
16:11:57.720,2.40
16:11:57.928,3.22
16:11:58.120,3.42
16:11:58.330,3.35
16:11:58.539,2.80
16:11:58.735,2.85
16:11:58.935,2.76
16:11:59.143,2.72
16:11:59.341,2.69
16:11:59.540,2.79
16:11:59.736,3.39
16:11:59.944,3.30
16:12:00.144,3.32
16:12:00.353,2.53
16:12:00.551,2.37
16:12:00.755,2.42
16:12:00.951,2.98
16:12:01.157,3.05
16:12:01.352,3.04
16:12:01.556,3.06
16:12:01.766,3.14
16:12:01.960,2.93
16:12:02.165,2.39
16:12:02.371,2.30
16:12:02.573,2.47
16:12:02.763,3.34
16:12:02.971,3.26
16:12:03.165,3.43
16:12:03.373,2.86
16:12:03.584,2.76
16:12:03.783,2.79
16:12:03.983,2.62
16:12:04.190,2.73
16:12:04.390,2.70
16:12:04.596,3.33
16:12:04.796,3.35
16:12:04.997,3.27
16:12:05.203,2.43
16:12:05.402,2.49
16:12:05.602,2.35
16:12:05.809,3.01
16:12:05.998,2.97
16:12:06.210,3.04
16:12:06.410,3.18
16:12:06.610,3.03
16:12:06.810,3.09
16:12:07.021,2.29
16:12:07.210,2.39
16:12:07.420,2.34
16:12:07.625,3.17
16:12:07.816,3.35
16:12:08.025,3.51
16:12:08.234,2.96
16:12:08.423,3.01
16:12:08.630,2.89
16:12:08.836,2.52
16:12:09.040,2.46
16:12:09.226,2.60
16:12:09.445,3.50
16:12:09.632,3.47
16:12:09.835,3.48
16:12:10.051,2.77
16:12:10.249,2.69
16:12:10.442,2.75
16:12:10.640,2.73
16:12:10.850,2.82
16:12:11.043,2.78
16:12:11.259,3.24
16:12:11.460,3.28
16:12:11.662,3.21
16:12:11.871,2.30
16:12:12.059,2.35
16:12:12.268,2.29
16:12:12.470,3.05
16:12:12.668,3.04
16:12:12.869,3.11
16:12:13.076,3.06
16:12:13.276,2.94
16:12:13.478,3.01
16:12:13.685,2.38
16:12:13.885,2.51
16:12:14.085,2.46
16:12:14.286,3.49
16:12:14.486,3.50
16:12:14.693,3.48
16:12:14.888,2.74
16:12:15.091,2.70
16:12:15.298,2.67
16:12:15.503,2.82
16:12:15.695,2.72
16:12:15.903,2.84
16:12:16.110,3.33
16:12:16.306,3.24
16:12:16.502,3.27
16:12:16.712,2.44
16:12:16.913,2.29
16:12:17.106,2.38
16:12:17.319,3.04
16:12:17.519,3.06
16:12:17.713,3.14
16:12:17.921,3.19
16:12:18.126,3.21
16:12:18.319,3.14
16:12:18.525,2.27
16:12:18.732,2.29
16:12:18.929,2.34
16:12:19.141,3.13
16:12:19.340,3.32
16:12:19.533,3.23
16:12:19.739,2.98
16:12:19.931,2.88
16:12:20.140,2.90
16:12:20.352,2.47
16:12:20.537,2.59
16:12:20.750,2.56
16:12:20.949,3.46
16:12:21.156,3.49
16:12:21.357,3.39
16:12:21.562,2.70
16:12:21.761,2.75
16:12:21.949,2.59
16:12:22.162,2.84
16:12:22.365,2.78
16:12:22.562,2.92
16:12:22.767,3.28
16:12:22.961,3.21
16:12:23.166,3.24
16:12:23.376,2.77
16:12:23.570,2.38
16:12:23.769,2.32
16:12:23.969,2.32
16:12:24.184,3.04
16:12:24.385,3.11
16:12:24.584,3.08
16:12:24.793,3.15
16:12:24.994,3.01
16:12:25.193,3.06
16:12:25.397,2.48
16:12:25.599,2.43
16:12:25.793,2.57
16:12:26.004,3.46
16:12:26.202,3.40
16:12:26.402,3.50
16:12:26.602,2.80
16:12:26.803,2.85
16:12:27.002,2.76
16:12:27.218,2.69
16:12:27.418,2.79
16:12:27.619,2.74
16:12:27.820,3.27
16:12:28.025,3.20
16:12:28.225,3.23
16:12:28.427,2.32
16:12:28.627,2.27
16:12:28.827,2.35
16:12:29.036,3.15
16:12:29.236,3.12
16:12:29.436,3.25
16:12:29.635,2.95
16:12:29.843,2.97
16:12:30.035,2.89
16:12:30.247,2.51
16:12:30.445,2.62
16:12:30.651,2.58
16:12:30.855,3.50
16:12:31.054,3.48
16:12:31.255,3.50
16:12:31.461,2.79
16:12:31.662,2.72
16:12:31.852,2.52
16:12:32.064,2.70
16:12:32.249,2.66
16:12:32.461,2.77
16:12:32.667,3.39
16:12:32.875,3.44
16:12:33.066,3.33
16:12:33.276,2.59
16:12:33.480,2.41
16:12:33.676,2.48
16:12:33.875,2.93
16:12:34.068,3.01
16:12:34.280,2.97
16:12:34.487,3.24
16:12:34.688,3.17
16:12:34.882,3.20
16:12:35.097,2.33
16:12:35.288,2.30
16:12:35.484,2.39
16:12:35.701,3.20
16:12:35.900,3.15
16:12:36.101,3.32
16:12:36.300,2.93
16:12:36.495,2.96
16:12:36.704,2.87
16:12:36.903,2.52
16:12:37.102,2.65
16:12:37.307,2.60
16:12:37.518,3.51
16:12:37.718,3.47
16:12:37.919,3.49
16:12:38.116,2.65
16:12:38.325,2.70
16:12:38.526,2.51
16:12:38.728,2.87
16:12:38.928,2.80
16:12:39.132,2.95
16:12:39.337,3.27
16:12:39.537,3.31
16:12:39.736,3.22
16:12:39.944,2.34
16:12:40.140,2.28
16:12:40.343,2.30
16:12:40.546,3.04
16:12:40.745,3.09
16:12:40.951,3.07
16:12:41.152,3.14
16:12:41.342,3.00
16:12:41.548,2.91
16:12:41.761,2.33
16:12:41.962,2.27
16:12:42.146,2.36
16:12:42.363,3.16
16:12:42.567,3.12
16:12:42.767,3.27
16:12:42.964,2.96
16:12:43.175,2.86
16:12:43.371,2.89
16:12:43.580,2.48
16:12:43.777,2.60
16:12:43.976,2.56
16:12:44.187,3.45
16:12:44.384,3.48
16:12:44.585,3.52
16:12:44.793,2.70
16:12:44.986,2.76
16:12:45.178,2.61
16:12:45.397,2.80
16:12:45.590,2.75
16:12:45.795,2.88
16:12:46.003,3.31
16:12:46.201,3.34
16:12:46.390,3.26
16:12:46.604,2.42
16:12:46.808,2.30
16:12:47.003,2.35
16:12:47.208,3.00
16:12:47.415,3.06
16:12:47.609,3.03
16:12:47.824,3.03
16:12:48.017,3.07
16:12:48.218,2.98
16:12:48.422,2.40
16:12:48.625,2.34
16:12:48.826,2.47
16:12:49.030,3.33
16:12:49.228,3.24
16:12:49.434,3.43
16:12:49.633,2.88
16:12:49.839,2.79
16:12:50.034,2.82
16:12:50.240,2.60
16:12:50.446,2.71
16:12:50.639,2.65
16:12:50.851,3.48
16:12:51.051,3.39
16:12:51.251,3.44
16:12:51.450,2.51
16:12:51.657,2.61
16:12:51.851,2.41
16:12:52.063,2.94
16:12:52.263,2.90
16:12:52.455,3.00
16:12:52.667,3.23
16:12:52.870,3.16
16:12:53.067,3.20
16:12:53.270,2.30
16:12:53.476,2.32
16:12:53.671,2.27
16:12:53.880,3.07
16:12:54.080,3.17
16:12:54.275,3.13
16:12:54.485,2.90
16:12:54.688,2.96
16:12:54.887,2.87
16:12:55.090,2.55
16:12:55.293,2.49
16:12:55.493,2.60
16:12:55.690,3.52
16:12:55.894,3.47
16:12:56.098,3.48
16:12:56.301,2.77
16:12:56.507,2.69
16:12:56.708,2.74
16:12:56.911,2.70
16:12:57.100,2.81
16:12:57.311,2.78
16:12:57.513,3.26
16:12:57.713,3.29
16:12:57.913,3.22
16:12:58.117,2.34
16:12:58.317,2.41
16:12:58.523,2.29
16:12:58.727,3.05
16:12:58.930,3.01
16:12:59.133,3.07
16:12:59.331,3.14
16:12:59.535,3.02
16:12:59.732,3.05
16:12:59.929,2.34
16:13:00.137,2.43
16:13:00.331,2.39
16:13:00.550,3.21
16:13:00.744,3.39
16:13:00.942,3.50
16:13:01.152,2.93
16:13:01.341,2.98
16:13:01.547,2.90
16:13:01.759,2.52
16:13:01.959,2.46
16:13:02.159,2.57
16:13:02.364,3.49
16:13:02.556,3.49
16:13:02.765,3.49
16:13:02.959,2.79
16:13:03.166,2.71
16:13:03.364,2.75
16:13:03.576,2.70
16:13:03.777,2.78
16:13:03.966,2.74
16:13:04.173,3.28
16:13:04.380,3.31
16:13:04.575,3.24
16:13:04.789,2.39
16:13:04.988,2.44
16:13:05.190,2.30
16:13:05.380,3.01
16:13:05.595,2.98
16:13:05.796,3.05
16:13:05.993,3.18
16:13:06.189,3.07
16:13:06.403,3.11
16:13:06.605,2.28
16:13:06.808,2.38
16:13:07.009,2.33
16:13:07.213,3.36
16:13:07.414,3.29
16:13:07.609,3.45
16:13:07.819,2.86
16:13:08.020,2.89
16:13:08.217,2.83
16:13:08.426,2.60
16:13:08.627,2.56
16:13:08.816,2.64
16:13:09.032,3.50
16:13:09.234,3.40
16:13:09.433,3.47
16:13:09.635,2.75
16:13:09.833,2.65
16:13:10.035,2.69
16:13:10.244,2.75
16:13:10.435,2.86
16:13:10.641,2.97
16:13:10.845,3.37
16:13:11.047,3.39
16:13:11.248,3.32
16:13:11.453,2.54
16:13:11.651,2.64
16:13:11.847,2.45
16:13:12.053,2.94
16:13:12.257,3.01
16:13:12.459,2.97
16:13:12.658,3.25
16:13:12.866,3.18
16:13:13.066,3.20
16:13:13.266,2.30
16:13:13.471,2.26
16:13:13.669,2.27
16:13:13.876,3.16
16:13:14.078,3.12
16:13:14.276,3.25
16:13:14.483,2.95
16:13:14.673,3.00
16:13:14.873,2.92
16:13:15.083,2.43
16:13:15.291,2.44
16:13:15.479,2.52
16:13:15.689,3.43
16:13:15.890,3.50
16:13:16.098,3.47
16:13:16.302,2.82
16:13:16.502,2.78
16:13:16.702,2.82
16:13:16.908,2.79
16:13:17.097,2.70
16:13:17.310,2.82
16:13:17.514,3.35
16:13:17.707,3.39
16:13:17.915,3.30
16:13:18.109,2.49
16:13:18.317,2.59
16:13:18.519,2.43
16:13:18.712,2.95
16:13:18.926,3.04
16:13:19.121,3.04
16:13:19.332,3.22
16:13:19.529,3.18
16:13:19.723,3.20
16:13:19.930,2.30
16:13:20.136,2.28
16:13:20.335,2.28
16:13:20.545,3.08
16:13:20.734,3.04
16:13:20.938,3.28
16:13:21.149,2.97
16:13:21.351,3.00
16:13:21.550,2.91
16:13:21.748,2.47
16:13:21.958,2.60
16:13:22.154,2.52
16:13:22.364,3.41
16:13:22.551,3.50
16:13:22.760,3.48
16:13:22.956,2.86
16:13:23.154,2.77
16:13:23.362,2.80
16:13:23.573,2.76
16:13:23.773,2.71
16:13:23.973,2.83
16:13:24.180,3.35
16:13:24.378,3.39
16:13:24.569,3.31
16:13:24.789,2.52
16:13:24.985,2.65
16:13:25.183,2.42
16:13:25.384,2.95
16:13:25.589,3.00
16:13:25.792,2.94
16:13:25.991,3.24
16:13:26.197,3.18
16:13:26.387,3.23
16:13:26.603,2.33
16:13:26.803,2.29
16:13:26.999,2.35
16:13:27.208,3.15
16:13:27.405,3.09
16:13:27.597,3.20
16:13:27.805,3.00
16:13:28.014,3.03
16:13:28.207,2.91
16:13:28.415,2.46
16:13:28.623,2.59
16:13:28.816,2.52
16:13:29.018,3.41
16:13:29.228,3.49
16:13:29.429,3.51
16:13:29.632,2.89
16:13:29.836,2.76
16:13:30.030,2.73
16:13:30.230,2.69
16:13:30.441,2.54
16:13:30.632,2.72
16:13:30.840,3.50
16:13:31.047,3.49
16:13:31.243,3.43
16:13:31.449,2.72
16:13:31.643,2.59
16:13:31.853,2.69
16:13:32.048,2.74
16:13:32.259,2.93
16:13:32.449,2.87
16:13:32.663,3.34
16:13:32.857,3.25
16:13:33.066,3.29
16:13:33.269,2.34
16:13:33.461,2.32
16:13:33.668,2.30
16:13:33.878,3.04
16:13:34.067,3.06
16:13:34.270,3.13
16:13:34.476,3.06
16:13:34.683,3.16
16:13:34.884,3.00
16:13:35.083,2.33
16:13:35.286,2.49
16:13:35.487,2.44
16:13:35.694,3.29
16:13:35.892,3.44
16:13:36.079,3.33
16:13:36.302,2.76
16:13:36.490,2.83
16:13:36.698,2.78
16:13:36.894,2.70
16:13:37.103,2.65
16:13:37.304,2.82
16:13:37.504,3.39
16:13:37.712,3.44
16:13:37.897,3.34
16:13:38.120,2.65
16:13:38.314,2.40
16:13:38.505,2.54
16:13:38.714,2.95
16:13:38.920,2.96
16:13:39.124,3.02
16:13:39.316,3.25
16:13:39.526,3.16
16:13:39.715,3.06
16:13:39.932,2.33
16:13:40.133,2.42
16:13:40.333,2.32
16:13:40.541,3.05
16:13:40.742,3.04
16:13:40.942,3.08
16:13:41.148,3.10
16:13:41.349,3.00
16:13:41.549,3.02
16:13:41.752,2.35
16:13:41.954,2.47
16:13:42.150,2.41
16:13:42.358,3.26
16:13:42.559,3.43
16:13:42.760,3.36
16:13:42.960,2.79
16:13:43.164,2.84
16:13:43.366,2.75
16:13:43.567,2.72
16:13:43.767,2.66
16:13:43.967,2.77
16:13:44.175,3.39
16:13:44.375,3.44
16:13:44.571,3.33
16:13:44.784,2.60
16:13:44.974,2.42
16:13:45.184,2.48
16:13:45.388,2.93
16:13:45.581,3.02
16:13:45.792,2.98
16:13:45.985,3.14
16:13:46.198,3.18
16:13:46.387,3.06
16:13:46.595,2.34
16:13:46.804,2.31
16:13:46.997,2.39
16:13:47.204,3.22
16:13:47.410,3.15
16:13:47.594,3.33
16:13:47.802,2.92
16:13:48.012,2.85
16:13:48.211,2.87
16:13:48.416,2.54
16:13:48.603,2.65
16:13:48.819,2.60
16:13:49.025,3.52
16:13:49.225,3.47
16:13:49.423,3.49
16:13:49.624,2.63
16:13:49.824,2.70
16:13:50.031,2.48
16:13:50.233,2.92
16:13:50.437,2.86
16:13:50.635,2.97
16:13:50.844,3.24
16:13:51.043,3.18
16:13:51.239,3.21
16:13:51.445,2.29
16:13:51.649,2.32
16:13:51.850,2.30
16:13:52.052,3.08
16:13:52.250,3.15
16:13:52.452,3.12
16:13:52.661,2.91
16:13:52.861,2.97
16:13:53.062,2.88
16:13:53.267,2.57
16:13:53.465,2.52
16:13:53.664,2.62
16:13:53.865,3.50
16:13:54.071,3.49
16:13:54.273,3.48
16:13:54.474,2.76
16:13:54.680,2.69
16:13:54.868,2.73
16:13:55.082,3.44
16:13:55.285,2.74
16:13:55.474,2.86
16:13:55.680,2.79
16:13:55.884,3.35
16:13:56.092,3.28
16:13:56.293,3.31
16:13:56.488,2.51
16:13:56.682,2.36
16:13:56.889,2.42
16:13:57.102,3.07
16:13:57.302,3.06
16:13:57.496,3.12
16:13:57.705,3.07
16:13:57.900,3.12
16:13:58.108,3.01
16:13:58.316,2.39
16:13:58.518,2.35
16:13:58.714,2.46
16:13:58.917,3.34
16:13:59.120,3.49
16:13:59.321,3.43
16:13:59.525,2.88
16:13:59.723,2.80
16:13:59.927,2.83
16:14:00.132,2.77
16:14:00.332,2.71
16:14:00.530,2.82
16:14:00.737,3.34
16:14:00.933,3.38
16:14:01.138,3.29
16:14:01.348,2.47
16:14:01.548,2.56
16:14:01.732,2.40
16:14:01.945,3.00
16:14:02.151,3.06
16:14:02.350,3.04
16:14:02.556,3.20
16:14:02.757,3.10
16:14:02.951,3.17
16:14:03.159,2.28
16:14:03.363,2.37
16:14:03.564,2.48
16:14:03.768,3.11
16:14:03.967,3.08
16:14:04.170,3.20
16:14:04.367,3.02
16:14:04.569,3.05
16:14:04.768,2.95
16:14:04.982,2.45
16:14:05.181,2.58
16:14:05.381,2.54
16:14:05.585,3.42
16:14:05.785,3.49
16:14:05.986,3.52
16:14:06.189,2.86
16:14:06.392,2.76
16:14:06.593,2.78
16:14:06.800,2.81
16:14:06.998,2.76
16:14:07.200,2.90
16:14:07.396,3.31
16:14:07.604,3.34
16:14:07.805,3.27
16:14:08.006,2.43
16:14:08.204,2.48
16:14:08.413,2.33
16:14:08.617,3.03
16:14:08.818,3.08
16:14:09.019,3.06
16:14:09.224,3.18
16:14:09.415,3.05
16:14:09.624,3.11
16:14:09.830,2.46
16:14:10.032,2.40
16:14:10.223,2.54
16:14:10.423,3.43
16:14:10.629,3.36
16:14:10.827,3.52
16:14:11.038,2.85
16:14:11.243,2.87
16:14:11.439,2.78
16:14:11.642,2.66
16:14:11.849,2.78
16:14:12.044,2.73
16:14:12.250,3.44
16:14:12.449,3.33
16:14:12.638,3.37
16:14:12.850,2.67
16:14:13.047,2.47
16:14:13.256,2.55
16:14:13.466,3.05
16:14:13.665,3.00
16:14:13.865,3.07
16:14:14.064,3.17
16:14:14.273,3.20
16:14:14.468,3.08
16:14:14.670,2.32
16:14:14.866,2.43
16:14:15.072,2.38
16:14:15.281,3.21
16:14:15.482,3.40
16:14:15.670,3.33
16:14:15.882,2.93
16:14:16.086,2.86
16:14:16.290,2.88
16:14:16.499,2.69
16:14:16.688,2.66
16:14:16.894,2.75
16:14:17.100,3.39
16:14:17.295,3.44
16:14:17.498,3.34
16:14:17.698,2.61
16:14:17.907,2.69
16:14:18.102,2.48
16:14:18.312,2.94
16:14:18.510,3.02
16:14:18.714,3.00
16:14:18.913,3.24
16:14:19.118,3.17
16:14:19.315,3.20
16:14:19.524,2.35
16:14:19.725,2.32
16:14:19.926,2.43
16:14:20.128,3.28
16:14:20.332,3.21
16:14:20.531,3.39
16:14:20.735,2.89
16:14:20.935,2.93
16:14:21.139,2.86
16:14:21.339,2.59
16:14:21.539,2.69
16:14:21.746,2.66
16:14:21.948,3.49
16:14:22.147,3.39
16:14:22.341,3.45
16:14:22.548,2.75
16:14:22.750,2.60
16:14:22.954,2.42
16:14:23.163,2.78
16:14:23.362,2.75
16:14:23.557,2.87
16:14:23.757,3.32
16:14:23.962,3.35
16:14:24.169,3.28
16:14:24.375,2.48
16:14:24.569,2.33
16:14:24.765,2.32
16:14:24.980,3.05
16:14:25.177,3.09
16:14:25.372,3.04
16:14:25.584,3.18
16:14:25.782,3.06
16:14:25.983,3.11
16:14:26.192,2.45
16:14:26.382,2.41
16:14:26.582,2.54
16:14:26.799,3.41
16:14:26.995,3.34
16:14:27.192,3.50
16:14:27.400,2.86
16:14:27.597,2.88
16:14:27.802,2.79
16:14:27.997,2.68
16:14:28.202,2.77
16:14:28.406,2.73
16:14:28.615,3.44
16:14:28.815,3.34
16:14:29.015,3.38
16:14:29.217,2.42
16:14:29.415,2.46
16:14:29.615,2.32
16:14:29.826,3.03
16:14:30.024,3.01
16:14:30.218,3.07
16:14:30.431,3.17
16:14:30.631,3.19
16:14:30.833,3.09
16:14:31.040,2.33
16:14:31.238,2.43
16:14:31.435,2.38
16:14:31.643,3.19
16:14:31.842,3.36
16:14:32.042,3.30
16:14:32.249,2.97
16:14:32.449,2.87
16:14:32.653,2.78
16:14:32.857,2.54
16:14:33.055,2.48
16:14:33.251,2.60
16:14:33.463,3.50
16:14:33.664,3.44
16:14:33.863,3.49
16:14:34.066,2.79
16:14:34.265,2.74
16:14:34.467,2.76
16:14:34.671,2.73
16:14:34.870,2.83
16:14:35.072,2.78
16:14:35.282,3.38
16:14:35.467,3.28
16:14:35.679,3.31
16:14:35.883,2.33
16:14:36.084,2.39
16:14:36.280,2.31
16:14:36.494,3.06
16:14:36.689,3.04
16:14:36.891,3.09
16:14:37.098,3.09
16:14:37.301,3.14
16:14:37.496,3.01
16:14:37.700,2.39
16:14:37.898,2.52
16:14:38.105,2.46
16:14:38.313,3.31
16:14:38.508,3.47
16:14:38.707,3.42
16:14:38.912,2.79
16:14:39.107,2.79
16:32:51.962,3.12
16:32:52.165,3.38
16:32:52.370,3.43
16:32:52.571,3.43
16:32:52.774,3.41
16:32:52.978,3.02
16:32:53.178,3.03
16:32:53.378,3.00
16:32:53.579,3.01
16:32:53.778,3.07
16:32:53.981,3.04
16:32:54.191,3.34
16:32:54.390,3.29
16:32:54.589,3.32
16:32:54.794,2.87
16:32:54.998,2.77
16:32:55.186,2.81
16:32:55.404,3.16
16:32:55.603,3.15
16:32:55.804,3.18
16:32:55.997,3.20
16:32:56.205,3.21
16:32:56.405,3.17
16:32:56.615,2.75
16:32:56.811,2.73
16:32:57.016,2.79
16:32:57.222,3.26
16:32:57.420,3.36
16:32:57.622,3.33
16:32:57.828,3.05
16:32:58.028,3.01
16:32:58.222,3.02
16:32:58.435,3.06
16:32:58.635,3.03
16:32:58.835,3.08
16:32:59.034,3.31
16:32:59.242,3.34
16:32:59.434,3.29
16:32:59.639,2.81
16:32:59.848,2.85
16:33:00.039,2.76
16:33:00.252,3.15
16:33:00.453,3.17
16:33:00.654,3.15
16:33:00.853,3.23
16:33:01.054,3.20
16:33:01.254,3.21
16:33:01.466,2.72
16:33:01.654,2.76
16:33:01.854,2.73
16:33:02.072,3.33
16:33:02.270,3.27
16:33:02.470,3.36
16:33:02.678,3.09
16:33:02.879,3.09
16:33:03.071,3.08
16:33:03.278,2.88
16:33:03.478,2.96
16:33:03.679,2.91
16:33:03.889,3.42
16:33:04.087,3.41
16:33:04.287,3.43
16:33:04.490,3.03
16:33:04.692,2.99
16:33:04.889,3.00
16:33:05.103,3.07
16:33:05.295,3.03
16:33:05.494,3.08
16:33:05.709,3.32
16:33:05.905,3.34
16:33:06.105,3.29
16:33:06.308,2.82
16:33:06.511,2.87
16:33:06.711,2.77
16:33:06.912,3.15
16:33:07.118,3.16
16:33:07.312,3.15
16:33:07.519,3.25
16:33:07.719,3.21
16:33:07.919,3.23
16:33:08.128,2.76
16:33:08.326,2.72
16:33:08.528,2.80
16:33:08.731,3.25
16:33:08.930,3.21
16:33:09.137,3.31
16:33:09.342,3.11
16:33:09.540,3.12
16:33:09.737,3.09
16:33:09.947,2.86
16:33:10.148,2.91
16:33:10.348,2.88
16:33:10.553,3.38
16:33:10.752,3.43
16:33:10.956,3.43
16:33:11.160,3.07
16:33:11.354,2.97
16:33:11.555,2.98
16:33:11.767,2.91
16:33:11.966,2.88
16:33:12.149,2.95
16:33:12.372,3.44
16:33:12.573,3.43
16:33:12.773,3.41
16:33:12.974,3.01
16:33:13.180,2.95
16:33:13.375,3.00
16:33:13.584,3.00
16:33:13.775,3.05
16:33:13.975,3.03
16:33:14.190,3.37
16:33:14.384,3.32
16:33:14.587,3.34
16:33:14.784,2.80
16:33:14.987,2.83
16:33:15.192,2.75
16:33:15.403,3.15
16:33:15.599,3.13
16:33:15.800,3.15
16:33:16.004,3.24
16:33:16.205,3.25
16:33:16.405,3.22
16:33:16.603,2.73
16:33:16.800,2.76
16:33:17.011,2.72
16:33:17.217,3.19
16:33:17.410,3.25
16:33:17.619,3.20
16:33:17.825,3.09
16:33:18.018,3.11
16:33:18.225,3.07
16:33:18.415,2.88
16:33:18.631,2.85
16:33:18.819,2.91
16:33:19.030,3.41
16:33:19.235,3.38
16:33:19.436,3.43
16:33:19.643,3.05
16:33:19.842,3.02
16:33:20.036,3.04
16:33:20.237,2.96
16:33:20.449,3.01
16:33:20.650,2.99
16:33:20.852,3.40
16:33:21.056,3.35
16:33:21.253,3.30
16:33:21.455,3.02
16:33:21.661,3.02
16:33:21.858,2.98
16:33:22.063,3.03
16:33:22.255,2.99
16:33:22.464,3.04
16:33:22.673,3.35
16:33:22.874,3.30
16:33:23.074,3.33
16:33:23.271,2.91
16:33:23.477,2.83
16:33:23.673,2.86
16:33:23.883,3.08
16:33:24.083,3.13
16:33:24.273,3.11
16:33:24.484,3.24
16:33:24.687,3.26
16:33:24.887,3.20
16:33:25.092,2.72
16:33:25.296,2.74
16:33:25.494,2.74
16:33:25.702,3.18
16:33:25.905,3.16
16:33:26.102,3.18
16:33:26.310,3.19
16:33:26.508,3.13
16:33:26.701,3.17
16:33:26.913,2.75
16:33:27.113,2.80
16:33:27.314,2.75
16:33:27.523,3.35
16:33:27.710,3.31
16:33:27.918,3.37
16:33:28.125,3.08
16:33:28.326,3.11
16:33:28.527,3.08
16:33:28.727,2.87
16:33:28.933,2.85
16:33:29.129,2.89
16:33:29.332,3.41
16:33:29.538,3.43
16:33:29.736,3.43
16:33:29.941,3.07
16:33:30.144,3.04
16:33:30.343,3.05
16:33:30.544,2.91
16:33:30.746,2.96
16:33:30.948,2.92
16:33:31.155,3.37
16:33:31.357,3.40
16:33:31.557,3.36
16:33:31.760,2.99
16:33:31.963,3.01
16:33:32.153,2.93
16:33:32.369,3.03
16:33:32.569,3.08
16:33:32.769,3.04
16:33:32.972,3.34
16:33:33.174,3.29
16:33:33.374,3.33
16:33:33.575,2.92
16:33:33.781,2.83
16:33:33.982,2.87
16:33:34.185,3.13
16:33:34.388,3.11
16:33:34.585,3.15
16:33:34.793,3.25
16:33:34.992,3.27
16:33:35.188,3.24
16:33:35.397,2.74
16:33:35.600,2.79
16:33:35.797,2.74
16:33:36.004,3.15
16:33:36.202,3.17
16:33:36.405,3.15
16:33:36.609,3.23
16:33:36.808,3.20
16:33:37.005,3.22
16:33:37.218,2.78
16:33:37.418,2.75
16:33:37.615,2.82
16:33:37.824,3.25
16:33:38.023,3.20
16:33:38.221,3.28
16:33:38.430,3.12
16:33:38.628,3.16
16:33:38.830,3.12
16:33:39.037,2.82
16:33:39.237,2.88
16:33:39.427,2.83
16:33:39.635,3.31
16:33:39.838,3.38
16:33:40.040,3.35
16:33:40.250,3.11
16:33:40.440,3.07
16:33:40.646,3.05
16:33:40.852,2.86
16:33:41.052,2.82
16:33:41.252,2.86
16:33:41.457,3.36
16:33:41.653,3.30
16:33:41.854,3.37
16:33:42.053,3.08
16:33:42.262,3.06
16:33:42.454,3.07
16:33:42.669,2.88
16:33:42.870,2.91
16:33:43.068,2.87
16:33:43.269,3.38
16:33:43.470,3.43
16:33:43.677,3.42
16:33:43.875,3.01
16:33:44.083,3.02
16:33:44.283,3.00
16:33:44.488,3.00
16:33:44.688,2.95
16:33:44.888,3.00
16:33:45.094,3.38
16:33:45.290,3.41
16:33:45.495,3.37
16:33:45.700,2.97
16:33:45.900,2.87
16:33:46.102,2.93
16:33:46.303,3.03
16:33:46.506,3.07
16:33:46.706,3.07
16:33:46.913,3.27
16:33:47.106,3.30
16:33:47.303,3.25
16:33:47.519,2.76
16:33:47.719,2.82
16:33:47.916,2.74
16:33:48.122,3.14
16:33:48.326,3.12
16:33:48.519,3.15
16:33:48.730,3.25
16:33:48.929,3.21
16:33:49.121,3.23
16:33:49.336,2.73
16:33:49.531,2.71
16:33:49.735,2.71
16:33:49.941,3.16
16:33:50.139,3.18
16:33:50.337,3.27
16:33:50.550,3.22
16:33:50.745,3.24
16:33:50.937,3.21
16:33:51.152,2.72
16:33:51.352,2.73
16:33:51.553,2.72
16:33:51.752,3.17
16:33:51.953,3.22
16:33:52.153,3.19
16:33:52.353,3.20
16:33:52.553,3.13
16:33:52.759,3.15
16:33:52.970,2.73
16:33:53.170,2.79
16:33:53.371,2.75
16:33:53.569,3.36
16:33:53.777,3.31
16:33:53.969,3.37
16:33:54.172,3.08
16:33:54.383,3.09
16:33:54.584,3.08
16:33:54.786,2.88
16:33:54.986,2.84
16:33:55.187,2.90
16:33:55.385,3.41
16:33:55.585,3.43
16:33:55.796,3.43
16:33:56.002,3.06
16:33:56.202,3.02
16:33:56.401,3.04
16:33:56.603,3.01
16:33:56.802,2.99
16:33:57.002,3.03
16:33:57.213,3.36
16:33:57.410,3.39
16:33:57.610,3.34
16:33:57.820,2.93
16:33:58.019,2.98
16:33:58.219,2.88
16:33:58.419,3.05
16:33:58.626,3.08
16:33:58.827,3.11
16:33:59.032,3.32
16:33:59.233,3.26
16:33:59.433,3.29
16:33:59.637,2.83
16:33:59.835,2.76
16:34:00.035,2.80
16:34:00.245,3.17
16:34:00.439,3.15
16:34:00.635,3.17
16:34:00.850,3.21
16:34:01.053,3.23
16:34:01.252,3.20
16:34:01.454,2.73
16:34:01.657,2.77
16:34:01.852,2.74
16:34:02.055,3.20
16:34:02.256,3.28
16:34:02.452,3.22
16:34:02.667,3.15
16:34:02.864,3.08
16:34:03.063,3.13
16:34:03.264,2.88
16:34:03.463,2.85
16:34:03.670,2.90
16:34:03.881,3.40
16:34:04.076,3.36
16:34:04.264,3.43
16:34:04.486,3.06
16:34:04.683,3.08
16:34:04.884,3.04
16:34:05.087,2.93
16:34:05.289,2.99
16:34:05.483,2.96
16:34:05.689,3.42
16:34:05.890,3.38
16:34:06.098,3.40
16:34:06.305,2.91
16:34:06.501,2.96
16:34:06.701,2.86
16:34:06.899,3.07
16:34:07.100,3.04
16:34:07.307,3.09
16:34:07.512,3.30
16:34:07.713,3.33
16:34:07.915,3.28
16:34:08.120,2.82
16:34:08.320,2.74
16:34:08.521,2.76
16:34:08.727,3.13
16:34:08.928,3.16
16:34:09.131,3.15
16:34:09.333,3.25
16:34:09.530,3.21
16:34:09.735,3.16
16:34:09.935,2.74
16:34:10.139,2.78
16:34:10.336,2.73
16:34:10.538,3.15
16:34:10.738,3.13
16:34:10.945,3.18
16:34:11.153,3.22
16:34:11.351,3.16
16:34:11.551,3.20
16:34:11.753,2.73
16:34:11.952,2.78
16:34:12.158,2.76
16:34:12.360,3.20
16:34:12.560,3.28
16:34:12.760,3.23
16:34:12.970,3.08
16:34:13.168,3.09
16:34:13.368,3.07
16:34:13.576,2.90
16:34:13.770,2.86
16:34:13.971,2.92
16:34:14.176,3.42
16:34:14.376,3.37
16:34:14.576,3.42
16:34:14.785,3.05
16:34:14.984,3.01
16:34:15.184,3.01
16:34:15.393,2.96
16:34:15.590,3.01
16:34:15.792,2.99
16:34:16.001,3.32
16:34:16.197,3.34
16:34:16.398,3.29
16:34:16.604,2.84
16:34:16.797,2.89
16:34:16.997,2.80
16:34:17.195,3.11
16:34:17.402,3.08
16:34:17.599,3.13
16:34:17.815,3.25
16:34:18.014,3.21
16:34:18.212,3.24
16:34:18.422,2.74
16:34:18.620,2.73
16:34:18.821,2.74
16:34:19.022,3.16
16:34:19.218,3.19
16:34:19.430,3.26
16:34:19.635,3.21
16:34:19.834,3.24
16:34:20.035,3.19
16:34:20.240,2.72
16:34:20.441,2.73
16:34:20.634,2.75
16:34:20.847,3.19
16:34:21.046,3.27
16:34:21.247,3.23
16:34:21.450,3.16
16:34:21.650,3.10
16:34:21.853,3.12
16:34:22.049,2.77
16:34:22.249,2.85
16:34:22.450,2.81
16:34:22.663,3.43
16:34:22.859,3.37
16:34:23.056,3.44
16:34:23.271,3.05
16:34:23.462,3.07
16:34:23.663,3.03
16:34:23.863,2.94
16:34:24.063,2.89
16:34:24.268,2.96
16:34:24.481,3.41
16:34:24.665,3.36
16:34:24.872,3.38
16:34:25.088,3.01
16:34:25.285,2.93
16:34:25.481,2.97
16:34:25.681,3.08
16:34:25.880,3.06
16:34:26.082,3.10
16:34:26.298,3.28
16:34:26.499,3.31
16:34:26.699,3.25
16:34:26.904,2.79
16:34:27.103,2.82
16:34:27.300,2.75
16:34:27.500,3.13
16:34:27.699,3.15
16:34:27.910,3.15
16:34:28.118,3.25
16:34:28.317,3.20
16:34:28.514,3.22
16:34:28.714,2.71
16:34:28.918,2.74
16:34:29.120,2.73
16:34:29.331,3.26
16:34:29.522,3.21
16:34:29.728,3.32
16:34:29.934,3.10
16:34:30.133,3.13
16:34:30.330,3.08
16:34:30.537,2.86
16:34:30.737,2.89
16:34:30.936,2.87
16:34:31.147,3.38
16:34:31.339,3.43
16:34:31.544,3.42
16:34:31.751,3.06
16:34:31.954,3.01
16:34:32.151,3.05
16:34:32.352,3.01
16:34:32.555,2.98
16:34:32.751,3.03
16:34:32.965,3.35
16:34:33.167,3.37
16:34:33.367,3.33
16:34:33.569,2.90
16:34:33.771,2.94
16:34:33.970,2.84
16:34:34.177,3.07
16:34:34.371,3.13
16:34:34.579,3.12
16:34:34.785,3.28
16:34:34.984,3.24
16:34:35.186,3.25
16:34:35.385,2.71
16:34:35.585,2.71
16:34:35.790,2.74
16:34:35.984,3.19
16:34:36.196,3.17
16:34:36.385,3.24
16:34:36.602,3.15
16:34:36.801,3.17
16:34:37.004,3.11
16:34:37.208,2.82
16:34:37.405,2.87
16:34:37.601,2.85
16:34:37.803,3.34
16:34:38.015,3.42
16:34:38.217,3.38
16:34:38.418,3.07
16:34:38.618,3.04
16:34:38.818,3.01
16:34:39.021,2.91
16:34:39.218,2.87
16:34:39.421,2.93
16:34:39.634,3.42
16:34:39.830,3.41
16:34:40.019,3.40
16:34:40.235,3.01
16:34:40.437,2.94
16:34:40.637,2.97
16:34:40.839,3.01
16:34:41.039,3.07
16:34:41.237,3.04
16:34:41.449,3.35
16:34:41.645,3.29
16:34:41.844,3.32
16:34:42.052,2.74
16:34:42.250,2.76
16:34:42.451,2.73
16:34:42.654,3.17
16:34:42.852,3.15
16:34:43.055,3.17
16:34:43.268,3.19
16:34:43.467,3.21
16:34:43.668,3.16
16:34:43.869,2.75
16:34:44.074,2.81
16:34:44.269,2.78
16:34:44.477,3.26
16:34:44.670,3.36
16:34:44.868,3.33
16:34:45.084,3.05
16:34:45.285,3.06
16:34:45.486,3.04
16:34:45.688,2.95
16:34:45.888,2.92
16:34:46.092,2.98
16:34:46.297,3.38
16:34:46.496,3.41
16:34:46.698,3.36
16:34:46.901,2.95
16:34:47.101,2.85
16:34:47.301,2.87
16:34:47.509,3.06
16:34:47.711,3.11
16:34:47.905,3.09
16:34:48.117,3.32
16:34:48.317,3.25
16:34:48.503,3.21
16:34:48.720,2.79
16:34:48.919,2.83
16:34:49.120,2.75
16:34:49.321,3.14
16:34:49.529,3.11
16:34:49.726,3.15
16:34:49.934,3.24
16:34:50.136,3.18
16:34:50.331,3.21
16:34:50.534,2.73
16:34:50.737,2.74
16:34:50.939,2.71
16:34:51.136,3.18
16:34:51.343,3.27
16:34:51.545,3.22
16:34:51.751,3.08
16:34:51.950,3.08
16:34:52.150,3.06
16:34:52.353,2.90
16:34:52.551,2.87
16:34:52.751,2.92
16:34:52.950,3.43
16:34:53.162,3.42
16:34:53.361,3.41
16:34:53.567,3.01
16:34:53.768,2.95
16:34:53.967,2.97
16:34:54.168,3.37
16:34:54.370,2.98
16:34:54.570,3.03
16:34:54.776,3.00
16:34:54.976,3.38
16:34:55.181,3.32
16:34:55.381,3.34
16:34:55.587,2.93
16:34:55.784,2.82
16:34:55.989,2.85
16:34:56.184,3.13
16:34:56.386,3.12
16:34:56.587,3.15
16:34:56.800,3.23
16:34:57.000,3.24
16:34:57.197,3.20
16:34:57.400,2.72
16:34:57.600,2.74
16:34:57.801,2.73
16:34:58.004,3.19
16:34:58.201,3.25
16:34:58.411,3.22
16:34:58.616,3.08
16:34:58.817,3.05
16:34:59.020,3.05
16:34:59.222,2.98
16:34:59.417,2.93
16:34:59.619,3.00
16:34:59.830,3.36
16:35:00.026,3.40
16:35:00.231,3.34
16:35:00.433,2.94
16:35:00.638,2.96
16:35:00.839,2.88
16:35:01.043,3.06
16:35:01.243,3.11
16:35:01.434,3.08
16:35:01.645,3.31
16:35:01.838,3.25
16:35:02.050,3.27
16:35:02.252,2.80
16:35:02.450,2.73
16:35:02.652,2.72
16:35:02.856,3.12
16:35:03.058,3.09
16:35:03.251,3.14
16:35:03.467,3.25
16:35:03.664,3.26
16:35:03.856,3.22
16:35:04.069,2.73
16:35:04.267,2.72
16:35:04.464,2.72
16:35:04.675,3.17
16:35:04.873,3.20
16:35:05.073,3.17
16:35:05.282,3.19
16:35:05.483,3.15
16:35:05.683,3.16
16:35:05.887,2.83
16:35:06.089,2.77
16:35:06.284,2.86
16:35:06.485,3.34
16:35:06.691,3.31
16:35:06.885,3.36
16:35:07.100,3.08
16:35:07.301,3.07
16:35:07.501,3.05
16:35:07.701,2.89
16:35:07.898,2.95
16:35:08.107,2.89
16:35:08.312,3.42
16:35:08.512,3.40
16:35:08.712,3.42
16:35:08.918,2.95
16:35:09.117,2.98
16:35:09.318,2.91
16:35:09.518,3.03
16:35:09.718,2.99
16:35:09.914,3.05
16:35:10.128,3.33
16:35:10.328,3.35
16:35:10.533,3.30
16:35:10.738,2.85
16:35:10.937,2.76
16:35:11.135,2.81
16:35:11.343,3.10
16:35:11.544,3.13
16:35:11.741,3.10
16:35:11.950,3.28
16:35:12.145,3.25
16:35:12.333,3.20
16:35:12.555,2.79
16:35:12.751,2.82
16:35:12.946,2.74
16:35:13.161,3.13
16:35:13.363,3.11
16:35:13.550,3.14
16:35:13.761,3.24
16:35:13.967,3.19
16:35:14.161,3.23
16:35:14.375,2.73
16:35:14.563,2.72
16:35:14.768,2.70
16:35:14.970,3.15
16:35:15.162,3.18
16:35:15.378,3.17
16:35:15.581,3.12
16:35:15.783,3.16
16:35:15.983,3.10
16:35:16.183,2.78
16:35:16.382,2.74
16:35:16.589,2.82
16:35:16.784,3.30
16:35:16.988,3.24
16:35:17.196,3.34
16:35:17.399,3.08
16:35:17.590,3.06
16:35:17.801,3.07
16:35:18.000,2.84
16:35:18.195,2.90
16:35:18.408,2.86
16:35:18.609,3.41
16:35:18.812,3.41
16:35:19.014,3.40
16:35:19.219,3.02
16:35:19.417,3.02
