Time,Temperature (C)
18:23:03,27.9
18:23:04,27.9
18:23:06,27.9
18:23:07,27.9
18:23:09,27.9
18:23:10,27.9
18:23:12,27.9
18:23:14,27.9
18:23:15,27.9
18:23:17,27.9
18:23:19,27.9
18:23:20,27.9
18:23:21,27.9
18:23:23,27.9
18:23:25,27.9
18:23:26,27.9
18:23:28,27.9
18:23:30,27.9
18:23:31,27.9
18:23:34,28.0
18:23:36,27.9
18:23:37,28.0
18:23:39,28.0
18:23:40,28.0
18:23:42,28.0
18:23:43,28.0
18:23:45,28.0
18:23:46,28.0
18:23:48,28.0
18:23:49,28.0
18:23:51,28.0
18:23:52,28.0
18:23:54,28.0
18:23:55,28.0
18:23:57,28.0
18:23:58,28.0
18:24:00,28.0
18:24:01,28.0
18:24:03,28.0
18:24:04,28.0
18:24:06,28.0
18:24:07,28.0
18:24:11,28.0
18:24:12,28.0
18:24:14,28.0
18:24:15,28.0
18:24:17,28.0
18:24:18,28.0
18:24:20,28.0
18:24:22,28.0
18:24:23,28.0
18:24:25,28.0
18:24:26,28.0
18:24:28,28.0
18:24:29,28.0
18:24:33,28.0
18:24:34,28.0
18:24:36,28.0
18:24:37,28.0
18:24:38,28.0
18:24:40,28.0
18:24:43,28.0
18:24:44,28.0
18:24:46,27.9
18:24:47,28.0
18:24:49,27.9
18:24:50,27.9
18:24:52,27.9
18:24:53,27.9
18:24:55,27.9
18:24:57,27.9
18:24:58,27.9
18:25:00,27.9
18:25:01,27.9
18:25:03,27.9
18:25:04,27.9
18:25:06,27.9
18:25:07,27.9
18:25:09,27.9
18:25:10,27.9
18:25:12,27.9
18:25:13,27.9
18:25:15,27.9
18:25:16,27.9
18:25:17,27.9
18:25:19,27.9
18:25:21,27.9
18:25:22,27.9
18:25:24,27.9
18:25:25,27.9
18:25:27,27.9
18:25:28,27.9
18:25:30,27.9
18:25:32,27.9
18:25:33,27.9
18:25:35,27.9
18:25:37,27.9
18:25:38,27.9
18:25:39,27.9
18:25:41,27.9
18:25:43,27.9
18:25:44,27.9
18:25:45,27.9
18:25:47,27.9
18:25:48,27.9
18:25:50,27.9
18:25:52,27.9
18:25:53,27.9
18:25:55,27.9
18:25:56,27.9
18:25:58,27.9
18:25:59,27.9
18:26:01,27.9
18:26:03,27.9
18:26:04,27.9
18:26:06,27.9
18:26:07,27.9
18:26:09,27.9
18:26:10,27.9
18:26:12,27.9
18:26:14,27.9
18:26:15,27.9
18:26:17,27.9
18:26:18,27.9
18:26:20,27.9
18:26:22,27.9
18:26:24,27.9
18:26:25,27.9
18:26:27,27.9
18:26:28,27.9
18:26:30,27.9
18:26:31,27.9
18:26:33,27.9
18:26:34,27.9
18:26:36,27.9
18:26:37,27.9
18:26:39,27.9
18:26:40,27.9
18:26:42,27.9
18:26:43,27.9
18:26:45,27.9
18:26:46,27.9
18:26:49,27.9
18:26:51,27.9
18:26:53,28.0
18:26:54,28.0
18:26:56,28.0
18:26:57,28.0
18:26:59,28.0
18:27:00,28.0
18:27:02,28.0
18:27:03,28.0
18:27:05,28.0
18:27:07,28.0
18:27:08,28.0
18:27:10,28.0
18:27:12,28.0
18:27:13,28.0
18:27:14,28.0
18:27:16,28.0
18:27:17,28.0
18:27:19,28.0
18:27:20,28.0
18:27:22,28.0
18:27:23,28.0
18:27:25,28.0
18:27:26,28.0
18:27:28,28.0
18:27:29,28.0
18:27:31,28.0
18:27:32,28.0
18:27:34,28.0
18:27:35,28.0
18:27:37,28.0
18:27:39,28.0
18:27:40,28.0
18:27:42,28.0
18:27:43,28.0
18:27:45,28.0
18:27:46,28.0
18:27:48,28.0
18:27:49,28.0
18:27:51,28.0
18:27:53,28.0
18:27:54,28.0
18:27:56,28.0
18:27:57,28.0
18:27:59,28.0
18:28:01,28.0
18:28:02,28.0
18:28:04,28.0
18:28:05,28.0
18:28:07,28.0
18:28:08,28.0
18:28:09,28.0
18:28:11,28.0
18:28:12,28.0
18:28:14,28.0
18:28:16,28.0
18:28:17,28.0
18:28:19,28.0
18:28:20,28.0
18:28:22,28.0
18:28:23,28.0
18:28:25,28.0
18:28:26,28.0
18:28:28,28.0
18:28:29,27.9
18:28:32,28.0
18:28:34,27.9
18:28:35,27.9
18:28:37,27.9
18:28:38,28.0
18:28:40,27.9
18:28:41,27.9
18:28:43,27.9
18:28:45,27.9
18:28:46,27.9
18:28:48,27.9
18:28:49,27.9
18:28:51,27.9
18:28:52,27.9
18:28:54,27.9
18:28:55,27.9
18:28:57,27.9
18:28:58,27.9
18:29:00,27.9
18:29:02,27.9
18:29:03,27.9
18:29:05,27.9
18:29:06,27.9
18:29:08,27.9
18:29:10,27.9
18:29:11,27.9
18:29:13,27.9
18:29:15,27.9
18:29:16,27.9
18:29:18,27.9
18:29:20,27.9
18:29:21,27.9
18:29:23,27.9
18:29:24,27.9
18:29:25,27.9
18:29:27,27.9
18:29:29,27.9
18:29:30,27.9
18:29:32,27.9
18:29:34,27.9
18:29:35,27.9
18:29:37,27.9
18:29:38,27.9
18:29:40,27.9
18:29:41,27.9
18:29:44,27.9
18:29:46,27.9
18:29:48,27.9
18:29:49,27.9
18:29:51,27.9
18:29:52,27.9
18:29:54,27.9
18:29:55,27.9
18:29:57,27.9
18:29:59,27.9
18:30:00,27.9
18:30:02,27.9
18:30:03,27.9
18:30:05,27.9
18:30:06,27.9
18:30:08,27.9
18:30:09,28.0
18:30:11,28.0
18:30:12,28.0
18:30:14,28.0
18:30:15,28.0
18:30:17,28.0
18:30:19,28.0
18:30:20,28.0
18:30:21,28.0
18:30:23,28.0
18:30:25,28.0
18:30:26,28.0
18:30:27,28.0
18:30:29,28.0
18:30:30,28.0
18:30:32,28.0
18:30:34,28.0
18:30:35,28.0
18:30:37,28.0
18:30:38,28.0
18:30:40,28.0
18:30:42,28.0
18:30:45,28.0
18:30:46,28.0
18:30:48,28.0
18:30:49,28.0
18:30:51,28.0
18:30:52,28.0
18:30:53,28.0
18:30:55,28.0
18:30:56,28.0
18:30:58,28.0
18:30:59,28.0
18:31:01,28.0
18:31:02,28.0
18:31:04,28.0
18:31:05,28.0
18:31:07,28.0
18:31:08,28.0
18:31:10,28.0
18:31:11,28.0
18:31:13,28.0
18:31:14,28.0
18:31:15,28.0
18:31:17,28.0
18:31:19,28.0
18:31:20,28.0
18:31:22,28.0
18:31:23,28.0
18:31:25,28.0
18:31:26,28.0
18:31:28,28.0
18:31:29,28.0
18:31:30,28.0
18:31:32,28.0
18:31:35,28.0
18:31:36,28.0
18:31:38,28.0
18:31:40,28.0
18:31:41,28.0
18:31:42,28.0
18:31:44,28.0
18:31:45,28.0
18:31:47,28.0
18:31:48,28.0
18:31:50,28.0
18:31:51,28.0
18:31:53,28.0
18:31:54,28.0
18:31:55,28.0
18:31:58,28.0
18:32:00,28.0
18:32:01,28.0
18:32:03,28.0
18:32:04,28.0
18:32:06,28.0
18:32:07,28.0
18:32:09,28.0
18:32:11,28.0
18:32:12,28.0
18:32:14,28.0
18:32:16,28.0
18:32:17,28.0
18:32:18,28.0
18:32:20,28.0
18:32:21,28.0
18:32:23,28.0
18:32:24,28.0
18:32:26,27.9
18:32:28,28.0
18:32:29,27.9
18:32:31,28.0
18:32:32,27.9
18:32:34,27.9
18:32:35,27.9
18:32:36,27.9
18:32:38,27.9
18:32:39,27.9
18:32:40,27.9
18:32:42,27.9
18:32:43,27.9
18:32:45,27.9
18:32:46,27.9
18:32:47,27.9
18:32:49,27.9
18:32:52,27.9
18:32:54,27.9
18:32:55,27.9
18:32:57,27.9
18:32:58,27.9
18:32:59,27.9
18:33:01,27.9
18:33:02,27.9
18:33:04,27.9
18:33:06,27.9
18:33:07,27.9
18:33:10,27.9
18:33:11,27.9
18:33:13,27.9
18:33:15,27.9
18:33:16,27.9
18:33:17,27.9
18:33:19,27.9
18:33:20,27.9
18:33:22,27.9
18:33:23,27.9
18:33:25,27.9
18:33:26,28.0
18:33:28,28.0
18:33:29,28.0
18:33:30,28.0
18:33:31,28.0
18:33:32,28.0
18:33:34,28.0
18:33:35,28.0
18:33:36,28.0
18:33:37,28.0
18:33:39,28.0
18:33:40,28.0
18:33:41,28.0
18:33:42,28.0
18:33:44,28.0
18:33:45,28.0
18:33:46,28.0
18:33:48,28.0
18:33:49,28.0
18:33:50,28.0
18:33:51,28.0
18:33:54,28.0
18:33:56,28.0
18:33:57,28.0
18:33:59,28.0
18:34:01,28.0
18:34:02,28.0
18:34:04,28.0
18:34:05,28.0
18:34:06,28.0
18:34:08,28.0
18:34:11,28.0
18:34:12,28.0
18:34:13,28.0
18:34:15,28.0
18:34:17,28.1
18:34:18,28.1
18:34:19,28.1
18:34:21,28.1
18:34:22,28.1
18:34:23,28.1
18:34:25,28.1
18:34:26,28.1
18:34:28,28.1
18:34:29,28.1
18:34:31,28.1
18:34:32,28.1
18:34:34,28.1
18:34:36,28.1
18:34:38,28.0
18:34:39,28.1
18:34:40,28.0
18:34:42,28.0
18:34:43,28.0
18:34:45,28.0
18:34:46,28.0
18:34:48,28.0
18:34:49,28.0
18:34:52,28.0
18:34:53,28.0
18:34:55,28.0
18:34:57,28.0
18:34:58,28.0
18:35:00,28.0
18:35:01,28.0
18:35:03,28.0
18:35:04,28.0
18:35:05,28.0
18:35:07,28.0
18:35:08,28.0
18:35:10,28.0
18:35:12,28.0
18:35:13,28.0
18:35:14,28.0
18:35:18,28.0
18:35:19,28.0
18:35:20,28.0
18:35:22,28.0
18:35:23,28.0
18:35:25,28.0
18:35:26,28.0
18:35:28,28.0
18:35:29,28.0
18:35:30,28.0
18:35:32,28.0
18:35:34,28.0
18:35:35,28.0
18:35:38,28.0
18:35:40,28.0
18:35:41,28.0
18:35:42,28.0
18:35:44,28.0
18:35:45,28.1
18:35:47,28.1
18:35:48,28.1
18:35:50,28.1
18:35:51,28.1
18:35:53,28.1
18:35:54,28.1
18:35:56,28.1
18:35:57,28.1
18:35:59,28.1
18:36:00,28.1
18:36:03,28.1
18:36:05,28.1
18:36:06,28.1
18:36:08,28.1
18:36:09,28.1
18:36:10,28.1
18:36:12,28.1
18:36:13,28.1
18:36:15,28.1
18:36:16,28.1
18:36:17,28.1
18:36:19,28.1
18:36:20,28.1
18:36:23,28.1
18:36:25,28.1
18:36:26,28.1
18:36:28,28.1
18:36:29,28.1
18:36:31,28.1
18:36:32,28.1
18:36:34,28.1
18:36:35,28.1
18:36:36,28.1
18:36:38,28.1
18:36:39,28.1
18:36:41,28.1
18:36:42,28.1
18:36:44,28.1
18:36:45,28.1
18:36:46,28.1
18:36:48,28.1
18:36:49,28.1
18:36:51,28.1
18:36:52,28.1
18:36:54,28.1
18:36:55,28.1
18:36:56,28.1
18:36:58,28.1
18:37:00,28.1
18:37:02,28.1
18:37:04,28.1
18:37:05,28.1
18:37:07,28.1
18:37:09,28.1
18:37:13,28.1
18:37:16,28.1
18:37:17,28.1
18:37:18,28.1
18:37:20,28.1
18:37:21,28.1
18:37:22,28.1
18:37:24,28.1
18:37:25,28.1
18:37:27,28.1
18:37:28,28.1
18:37:30,28.1
18:37:31,28.1
18:37:33,28.1
18:37:34,28.1
18:37:36,28.1
18:37:37,28.1
18:37:39,28.1
18:37:41,28.1
18:37:42,28.1
18:37:44,28.1
18:37:45,28.1
18:37:46,28.1
18:37:48,28.1
18:37:49,28.1
18:37:51,28.1
18:37:53,28.1
18:37:55,28.1
18:37:56,28.1
18:37:57,28.1
18:37:59,28.1
18:38:00,28.1
18:38:02,28.1
18:38:03,28.1
18:38:04,28.1
18:38:06,28.1
18:38:07,28.1
18:38:09,28.1
18:38:10,28.1
18:38:12,28.1
18:38:13,28.1
18:38:15,28.1
18:38:18,28.1
18:38:19,28.1
18:38:20,28.1
18:38:25,28.1
18:38:26,28.1
18:38:27,28.1
18:38:29,28.1
18:38:30,28.1
18:38:32,28.1
18:38:33,28.1
18:38:35,28.1
18:38:36,28.1
18:38:37,28.1
18:38:38,28.1
18:38:40,28.1
18:38:41,28.1
18:38:43,28.1
18:38:44,28.1
18:38:46,28.1
18:38:47,28.1
18:38:49,28.1
18:38:50,28.1
18:38:52,28.1
18:38:53,28.1
18:38:55,28.1
18:38:56,28.1
18:38:57,28.1
18:38:59,28.1
18:39:00,28.1
18:39:02,28.1
18:39:04,28.1
18:39:05,28.1
18:39:06,28.1
18:39:09,28.1
18:39:11,28.1
18:39:13,28.1
18:39:14,28.1
18:39:16,28.1
18:39:17,28.1
18:39:18,28.1
18:39:20,28.1
18:39:21,28.1
18:39:23,28.1
18:39:24,28.1
18:39:26,28.1
18:39:27,28.1
18:39:29,28.1
18:39:30,28.1
18:39:33,28.1
18:39:35,28.1
18:39:36,28.1
18:39:38,28.1
18:39:39,28.1
18:39:42,28.1
18:39:43,28.1
18:39:45,28.1
18:39:46,28.1
18:39:48,28.1
18:39:50,28.1
18:39:52,28.1
18:39:53,28.1
18:39:55,28.1
18:39:57,28.1
18:39:58,28.1
18:40:00,28.1
18:40:01,28.1
18:40:02,28.1
18:40:04,28.1
18:40:05,28.1
18:40:07,28.1
18:40:08,28.1
18:40:10,28.1
18:40:13,28.1
18:40:15,28.1
18:40:16,28.1
18:40:18,28.1
18:40:21,28.1
18:40:22,28.1
18:40:24,28.1
18:40:25,28.1
18:40:27,28.1
18:40:28,28.1
18:40:30,28.1
18:40:31,28.1
18:40:33,28.1
18:40:36,28.1
18:40:37,28.1
18:40:39,28.1
18:40:40,28.1
18:40:41,28.1
18:40:43,28.1
18:40:45,28.1
18:40:46,28.1
18:40:48,28.1
18:40:50,28.1
18:40:51,28.1
18:40:53,28.1
18:40:54,28.1
18:40:56,28.1
18:40:57,28.1
18:41:00,28.1
18:41:02,28.1
18:41:04,28.1
18:41:05,28.1
18:41:06,28.1
18:41:08,28.1
18:41:10,28.1
18:41:11,28.1
18:41:12,28.1
18:41:14,28.1
18:41:15,28.1
18:41:17,28.1
18:41:18,28.1
18:41:20,28.1
18:41:21,28.1
18:41:23,28.1
18:41:25,28.1
18:41:26,28.1
18:41:28,28.1
18:41:29,28.1
18:41:31,28.1
18:41:32,28.1
18:41:34,28.1
18:41:35,28.1
18:41:36,28.1
18:41:38,28.1
18:41:39,28.1
18:41:41,28.1
18:41:42,28.1
18:41:44,28.1
18:41:47,28.1
18:41:48,28.1
18:41:50,28.1
18:41:51,28.1
18:41:52,28.1
18:41:54,28.1
18:41:55,28.1
18:41:57,28.1
18:41:58,28.1
18:42:00,28.1
18:42:01,28.1
18:42:03,28.1
18:42:05,28.1
18:42:06,28.1
18:42:07,28.1
18:42:09,28.1
18:42:10,28.1
18:42:12,28.1
18:42:14,28.1
18:42:15,28.1
18:42:16,28.1
18:42:18,28.1
18:42:20,28.1
18:42:21,28.1
18:42:22,28.1
18:42:24,28.1
18:42:25,28.1
18:42:29,28.1
18:42:30,28.1
18:42:33,28.1
18:42:35,28.1
18:42:36,28.1
18:42:38,28.1
18:42:39,28.1
18:42:40,28.1
18:42:42,28.1
18:42:43,28.1
18:42:45,28.1
18:42:46,28.1
18:42:47,28.1
18:42:49,28.1
18:42:50,28.1
18:42:52,28.1
18:42:53,28.1
18:42:55,28.1
18:42:56,28.1
18:42:58,28.1
18:42:59,28.1
18:43:00,28.1
18:43:02,28.1
18:43:04,28.1
18:43:05,28.1
18:43:07,28.1
18:43:09,28.1
18:43:10,28.1
18:43:12,28.1
18:43:14,28.1
18:43:15,28.1
18:43:17,28.1
18:43:18,28.1
18:43:20,28.1
18:43:21,28.1
18:43:22,28.1
18:43:24,28.1
18:43:25,28.1
18:43:27,28.1
18:43:28,28.1
18:43:30,28.1
18:43:32,28.1
18:43:33,28.1
18:43:34,28.1
18:43:36,28.1
18:43:37,28.1
18:43:38,28.1
18:43:40,28.1
18:43:41,28.1
18:43:43,28.1
18:43:44,28.1
18:43:46,28.1
18:43:47,28.1
18:43:49,28.1
18:43:51,28.1
18:43:52,28.1
18:43:53,28.1
18:43:55,28.1
18:43:56,28.1
18:43:58,28.1
18:44:00,28.1
18:44:01,28.1
18:44:02,28.1
18:44:04,28.1
18:44:06,28.1
18:44:08,28.1
18:44:09,28.1
18:44:10,28.1
18:44:12,28.1
18:44:13,28.1
18:44:15,28.1
18:44:17,28.1
18:44:18,28.1
18:44:19,28.1
18:44:21,28.1
18:44:23,28.1
18:44:24,28.1
18:44:26,28.1
18:44:28,28.1
18:44:29,28.1
18:44:31,28.1
18:44:32,28.1
18:44:33,28.1
18:44:35,28.1
18:44:37,28.1
18:44:38,28.1
18:44:39,28.1
18:44:41,28.1
18:44:42,28.1
18:44:45,28.1
18:44:47,28.1
18:44:50,28.1
18:44:51,28.1
18:44:53,28.1
18:44:54,28.1
18:44:55,28.1
18:44:57,28.1
18:44:59,28.1
18:45:00,28.1
18:45:02,28.1
18:45:03,28.1
18:45:05,28.1
18:45:06,28.1
18:45:07,28.1
18:45:09,28.1
18:45:10,28.1
18:45:12,28.1
18:45:13,28.1
18:45:15,28.1
18:45:16,28.1
18:45:18,28.1
18:45:19,28.1
18:45:21,28.1
18:45:22,28.1
18:45:24,28.1
18:45:25,28.1
18:45:27,28.1
18:45:29,28.1
18:45:30,28.1
18:45:31,28.1
18:45:33,28.1
18:45:34,28.1
18:45:36,28.1
18:45:37,28.1
18:45:39,28.1
18:45:40,28.1
18:45:42,28.1
18:45:43,28.1
18:45:44,28.1
18:45:46,28.1
18:45:47,28.1
18:45:49,28.0
18:45:51,28.0
18:45:52,28.0
18:45:54,28.0
18:45:56,28.0
18:45:57,28.0
18:45:59,28.0
18:46:01,28.0
18:46:02,28.0
18:46:04,28.0
18:46:05,28.0
18:46:07,28.0
18:46:09,28.0
18:46:10,28.0
18:46:12,28.0
18:46:13,28.0
18:46:15,28.0
18:46:16,28.0
18:46:18,28.0
18:46:19,28.0
18:46:20,28.0
18:46:22,28.0
18:46:23,28.0
18:46:25,28.0
18:46:26,28.0
18:46:28,28.0
18:46:30,28.0
18:46:31,28.0
18:46:33,28.0
18:46:35,28.0
18:46:36,28.0
18:46:37,27.9
18:46:39,28.0
18:46:40,28.0
18:46:42,27.9
18:46:43,27.9
18:46:45,27.9
18:46:46,27.9
18:46:47,27.9
18:46:49,27.9
18:46:50,27.9
18:46:52,27.9
18:46:53,27.9
18:46:55,27.9
18:46:57,27.9
18:46:58,27.9
18:47:00,27.9
18:47:02,27.9
18:47:03,27.9
18:47:05,28.0
18:47:06,28.0
18:47:08,28.0
18:47:10,28.0
18:47:11,28.0
18:47:13,28.0
18:47:14,28.0
18:47:15,28.0
18:47:17,28.0
18:47:18,28.0
18:47:20,28.0
18:47:22,28.0
18:47:23,28.0
18:47:24,28.0
18:47:26,28.0
18:47:27,28.0
18:47:28,28.0
18:47:30,28.0
18:47:31,28.0
18:47:33,28.0
18:47:34,28.0
18:47:35,28.0
18:47:37,28.0
18:47:38,28.0
18:47:40,28.0
18:47:41,28.0
18:47:43,28.0
18:47:44,28.0
18:47:46,28.0
18:47:47,28.0
18:47:48,28.0
18:47:50,28.0
18:47:51,28.0
18:47:53,28.0
18:47:54,28.0
18:47:55,28.0
18:47:57,28.0
18:48:00,28.0
18:48:01,28.0
18:48:03,28.0
18:48:05,28.0
18:48:06,28.0
18:48:07,28.0
18:48:09,28.0
18:48:11,28.0
18:48:14,28.0
18:48:15,28.0
18:48:16,28.0
18:48:18,28.1
18:48:21,28.1
18:48:22,28.1
18:48:24,28.0
18:48:26,28.1
18:48:27,28.1
18:48:29,28.1
18:48:30,28.1
18:48:32,28.1
18:48:34,28.1
18:48:36,28.1
18:48:37,28.1
18:48:38,28.1
18:48:42,28.1
18:48:43,28.1
18:48:45,28.1
18:48:46,28.1
18:48:48,28.1
18:48:49,28.1
18:48:51,28.1
18:48:52,28.1
18:48:54,28.1
18:48:56,28.1
18:48:57,28.1
18:48:59,28.1
18:49:00,28.1
18:49:02,28.1
18:49:04,28.1
18:49:05,28.1
18:49:07,28.1
18:49:09,28.1
18:49:10,28.0
18:49:11,28.1
18:49:13,28.0
18:49:14,28.0
18:49:16,28.0
18:49:17,28.0
18:49:19,28.0
18:49:20,28.0
18:49:22,28.0
18:49:23,28.0
18:49:25,28.0
18:49:26,28.0
18:49:28,28.0
18:49:30,28.0
18:49:31,28.0
18:49:32,28.0
18:49:34,28.0
18:49:36,28.0
18:49:37,28.0
18:49:38,28.0
18:49:40,28.0
18:49:41,28.0
18:49:42,28.0
18:49:44,28.0
18:49:45,28.0
18:49:47,28.0
18:49:48,28.0
18:49:50,28.0
18:49:51,28.0
18:49:53,28.0
18:49:54,28.0
18:49:55,28.0
18:49:57,28.0
18:49:58,28.0
18:50:00,28.0
18:50:01,28.0
18:50:02,28.0
18:50:04,28.0
18:50:05,27.9
18:50:06,28.0
18:50:08,28.0
18:50:10,27.9
18:50:11,28.0
18:50:12,27.9
18:50:14,27.9
18:50:15,27.9
18:50:17,27.9
18:50:18,27.9
18:50:20,27.9
18:50:21,27.9
18:50:23,27.9
18:50:25,27.9
18:50:26,27.9
18:50:27,27.9
18:50:29,27.9
18:50:31,27.9
18:50:32,27.9
18:50:34,27.9
18:50:35,27.9
18:50:37,27.9
18:50:38,27.9
18:50:40,27.9
18:50:41,27.9
18:50:43,27.9
18:50:44,27.9
18:50:45,27.9
18:50:48,27.9
18:50:50,28.0
18:50:51,28.0
18:50:53,28.0
18:50:54,28.0
18:50:56,28.0
18:50:58,28.0
18:50:59,28.0
18:51:00,28.0
18:51:02,28.0
18:51:03,28.0
18:51:05,28.0
18:51:06,28.0
18:51:07,28.0
18:51:09,28.0
18:51:10,28.0
18:51:12,28.0
18:51:13,28.0
18:51:14,28.0
18:51:16,28.0
18:51:18,28.0
18:51:19,28.0
18:51:20,28.0
18:51:22,28.0
18:51:23,28.0
18:51:25,28.0
18:51:26,28.0
18:51:27,28.0
18:51:29,28.0
18:51:30,28.0
18:51:32,28.0
18:51:33,28.0
18:51:35,28.0
18:51:36,28.0
18:51:38,28.0
18:51:39,28.0
18:51:40,28.0
18:51:42,28.0
18:51:44,28.0
18:51:45,28.0
18:51:47,28.0
18:51:48,28.1
18:51:50,28.1
18:51:51,28.0
18:51:53,28.1
18:51:54,28.1
18:51:55,28.1
18:51:57,28.0
18:51:58,28.0
18:52:00,28.0
18:52:01,28.0
18:52:02,28.0
18:52:04,28.0
18:52:06,28.0
18:52:07,28.0
18:52:08,28.0
18:52:11,28.0
18:52:13,28.0
18:52:14,28.0
18:52:16,28.0
18:52:17,28.0
18:52:19,28.0
18:52:20,28.0
18:52:22,28.0
18:52:23,28.0
18:52:25,28.0
18:52:26,28.0
18:52:28,28.0
18:52:30,28.0
18:52:31,28.0
18:52:33,28.0
18:52:34,28.0
18:52:36,28.0
18:52:37,28.0
18:52:38,28.0
18:52:40,28.0
18:52:42,28.0
18:52:43,28.0
18:52:44,28.0
18:52:46,28.0
18:52:47,28.0
18:52:49,28.0
18:52:51,28.0
18:52:52,28.0
18:52:54,28.0
18:52:55,28.0
18:52:57,28.0
18:52:58,28.0
18:53:00,28.0
18:53:01,28.0
18:53:03,28.0
18:53:04,28.0
18:53:05,28.0
18:53:07,28.0
18:53:08,28.0
18:53:10,28.0
18:53:11,28.0
18:53:12,28.0
18:53:14,28.0
18:53:16,28.0
18:53:17,28.0
18:53:18,28.0
18:53:20,28.0
18:53:21,28.0
18:53:22,28.0
18:53:24,28.0
18:53:25,28.0
18:53:26,28.0
18:53:27,28.0
18:53:29,28.0
18:53:31,28.0
18:53:32,28.0
18:53:34,28.0
18:53:35,28.0
18:53:37,28.0
18:53:39,28.0
18:53:40,28.0
18:53:41,28.0
18:53:43,28.0
18:53:46,28.0
18:53:47,28.0
18:53:49,28.0
18:53:50,28.0
18:53:52,28.0
18:53:53,28.0
18:53:54,28.0
18:53:56,28.0
18:53:57,28.0
18:53:58,28.0
18:54:00,28.0
18:54:02,28.0
18:54:05,28.0
18:54:06,28.0
18:54:08,28.0
18:54:09,28.0
18:54:11,28.0
18:54:12,28.0
18:54:14,28.0
18:54:15,28.0
18:54:17,28.0
18:54:19,28.0
18:54:21,28.0
18:54:22,28.0
18:54:24,28.0
18:54:25,28.0
18:54:27,28.0
18:54:28,28.1
18:54:30,28.0
18:54:32,28.0
18:54:33,28.1
18:54:34,28.1
18:54:36,28.0
18:54:38,28.1
18:54:39,28.1
18:54:41,28.1
18:54:42,28.1
18:54:44,28.1
18:54:45,28.1
18:54:48,28.1
18:54:49,28.1
18:54:51,28.1
18:54:52,28.1
18:54:54,28.1
18:54:55,28.1
18:54:56,28.1
18:54:58,28.1
18:55:01,28.1
18:55:02,28.1
18:55:04,28.1
18:55:06,28.1
18:55:07,28.1
18:55:09,28.1
18:55:10,28.1
18:55:12,28.0
18:55:13,28.0
18:55:14,28.0
18:55:16,28.0
18:55:17,28.0
18:55:21,28.0
18:55:22,28.0
18:55:24,28.0
18:55:25,28.0
18:55:27,28.0
18:55:28,28.0
18:55:29,28.0
18:55:31,28.0
18:55:33,28.0
18:55:34,28.0
18:55:36,28.0
18:55:37,28.0
18:55:39,28.0
18:55:40,28.0
18:55:42,28.0
18:55:43,28.0
18:55:45,28.0
18:55:46,28.0
18:55:48,28.0
18:55:49,28.0
18:55:51,28.0
18:55:52,28.0
18:55:54,28.0
18:55:55,28.0
18:55:56,28.0
18:55:58,28.0
18:56:00,28.0
18:56:02,28.0
18:56:03,28.0
18:56:05,28.0
18:56:06,28.0
18:56:08,28.0
18:56:09,28.0
18:56:11,28.0
18:56:12,28.0
18:56:14,28.0
18:56:15,28.0
18:56:17,28.0
18:56:18,28.0
18:56:20,28.0
18:56:21,28.0
18:56:23,28.0
18:56:26,28.0
18:56:27,28.0
18:56:29,28.0
18:56:30,28.0
18:56:32,28.0
18:56:33,28.0
18:56:35,28.0
18:56:36,28.0
18:56:37,28.0
18:56:39,28.0
18:56:40,28.0
18:56:42,28.0
18:56:43,28.0
18:56:45,28.0
18:56:46,28.0
18:56:48,28.0
18:56:49,28.0
18:56:51,28.0
18:56:52,28.0
18:56:54,28.0
18:56:55,28.0
18:56:57,28.0
18:56:58,28.0
18:56:59,28.0
18:57:01,28.0
18:57:02,28.0
18:57:04,28.0
18:57:05,28.0
18:57:07,28.0
18:57:09,28.0
18:57:11,28.0
18:57:13,28.1
18:57:14,28.0
18:57:16,28.1
18:57:17,28.1
18:57:19,28.1
18:57:21,28.1
18:57:22,28.1
18:57:24,28.1
18:57:25,28.1
18:57:26,28.1
18:57:28,28.1
18:57:30,28.1
18:57:31,28.1
18:57:32,28.1
18:57:35,28.1
18:57:37,28.1
18:57:39,28.1
18:57:40,28.1
18:57:42,28.1
18:57:43,28.1
18:57:45,28.1
18:57:46,28.1
18:57:48,28.1
18:57:49,28.1
18:57:51,28.1
18:57:52,28.1
18:57:54,28.1
18:57:55,28.1
18:57:57,28.1
18:57:58,28.1
18:57:59,28.1
18:58:01,28.1
18:58:02,28.1
18:58:04,28.1
18:58:05,28.1
18:58:07,28.1
18:58:08,28.1
18:58:10,28.1
18:58:11,28.1
18:58:12,28.1
18:58:14,28.1
18:58:16,28.1
18:58:17,28.1
18:58:18,28.1
18:58:20,28.1
18:58:22,28.1
18:58:23,28.1
18:58:25,28.1
18:58:26,28.1
18:58:27,28.1
18:58:29,28.1
18:58:30,28.1
18:58:31,28.1
18:58:33,28.1
18:58:34,28.1
18:58:36,28.1
18:58:37,28.1
18:58:39,28.1
18:58:40,28.1
18:58:41,28.1
18:58:43,28.1
18:58:44,28.1
18:58:46,28.1
18:58:47,28.1
18:58:49,28.1
18:58:50,28.1
18:58:51,28.1
18:58:53,28.1
18:58:55,28.1
18:58:56,28.1
18:58:57,28.1
18:58:59,28.1
18:59:00,28.1
18:59:02,28.1
18:59:03,28.1
18:59:05,28.1
18:59:07,28.1
18:59:08,28.1
18:59:09,28.1
18:59:11,28.1
18:59:13,28.1
18:59:14,28.1
18:59:16,28.1
18:59:17,28.1
18:59:19,28.1
18:59:21,28.1
18:59:22,28.1
18:59:23,28.1
18:59:25,28.1
18:59:27,28.1
18:59:28,28.1
18:59:30,28.1
18:59:31,28.1
18:59:33,28.1
18:59:36,28.1
18:59:37,28.1
18:59:39,28.1
18:59:40,28.1
18:59:41,28.1
18:59:43,28.1
18:59:44,28.1
18:59:46,28.1
18:59:47,28.1
18:59:49,28.1
18:59:50,28.1
18:59:52,28.1
18:59:54,28.1
18:59:55,28.1
18:59:56,28.1
18:59:58,28.1
18:59:59,28.1
19:00:01,28.1
19:00:02,28.1
19:00:04,28.1
19:00:05,28.1
19:00:07,28.1
19:00:09,28.1
19:00:10,28.1
19:00:11,28.1
19:00:13,28.1
19:00:14,28.1
19:00:16,28.1
19:00:17,28.1
19:00:18,28.1
19:00:20,28.1
19:00:22,28.1
19:00:23,28.1
19:00:25,28.1
19:00:28,28.1
19:00:29,28.1
19:00:31,28.1
19:00:33,28.1
19:00:34,28.1
19:00:36,28.1
19:00:37,28.1
19:00:38,28.1
19:00:40,28.1
19:00:41,28.1
19:00:43,28.1
19:00:44,28.1
19:00:46,28.1
19:00:47,28.1
19:00:49,28.1
19:00:50,28.1
19:00:52,28.1
19:00:53,28.1
19:00:55,28.1
19:00:56,28.1
19:00:57,28.1
19:00:59,28.1
19:01:00,28.1
19:01:02,28.1
19:01:03,28.1
19:01:04,28.1
19:01:06,28.1
19:01:07,28.1
19:01:09,28.1
19:01:10,28.1
19:01:11,28.1
19:01:13,28.1
19:01:14,28.1
19:01:16,28.1
19:01:17,28.1
19:01:19,28.1
19:01:20,28.1
19:01:22,28.1
19:01:24,28.1
19:01:25,28.1
19:01:26,28.1
19:01:28,28.1
19:01:29,28.1
19:01:31,28.1
19:01:32,28.1
19:01:34,28.1
19:01:35,28.1
19:01:37,28.1
19:01:38,28.1
19:01:39,28.1
19:01:41,28.1
19:01:42,28.1
19:01:44,28.1
19:01:45,28.1
19:01:47,28.1
19:01:50,28.1
19:01:51,28.1
19:01:53,28.1
19:01:54,28.1
19:01:56,28.1
19:01:58,28.1
19:01:59,28.1
19:02:01,28.1
19:02:03,28.1
19:02:04,28.1
19:02:06,28.1
19:02:07,28.1
19:02:08,28.1
19:02:10,28.1
19:02:12,28.1
19:02:13,28.1
19:02:14,28.1
19:02:16,28.1
19:02:17,28.1
19:02:19,28.1
19:02:20,28.1
19:02:22,28.1
19:02:23,28.1
19:02:25,28.1
19:02:26,28.1
19:02:28,28.1
19:02:29,28.1
19:02:30,28.1
19:02:32,28.1
19:02:33,28.1
19:02:35,28.1
19:02:36,28.1
19:02:38,28.1
19:02:39,28.1
19:02:40,28.1
19:02:42,28.1
19:02:44,28.1
19:02:45,28.1
19:02:46,28.1
19:02:48,28.1
19:02:49,28.1
19:02:52,28.1
19:02:53,28.1
19:02:56,28.1
19:02:58,28.1
19:02:59,28.1
19:03:00,28.1
19:03:02,28.1
19:03:03,28.1
19:03:05,28.1
19:03:06,28.1
19:03:08,28.1
19:03:09,28.1
19:03:10,28.1
19:03:12,28.1
19:03:13,28.1
19:03:15,28.1
19:03:17,28.1
19:03:18,28.1
19:03:20,28.1
19:03:21,28.1
19:03:23,28.1
19:03:24,28.1
19:03:26,28.1
19:03:27,28.1
19:03:28,28.1
19:03:30,28.1
19:03:32,28.1
19:03:33,28.1
19:03:35,28.1
19:03:36,28.1
19:03:38,28.1
19:03:39,28.1
19:03:41,28.1
19:03:42,28.1
19:03:44,28.1
19:03:46,28.1
19:03:47,28.1
19:03:49,28.1
19:03:50,28.1
19:03:52,28.1
19:03:54,28.1
19:03:55,28.1
19:03:56,28.1
19:03:58,28.1
19:03:59,28.1
19:04:01,28.1
19:04:02,28.1
19:04:04,28.1
19:04:05,28.1
19:04:07,28.1
19:04:08,28.1
19:04:10,28.1
19:04:12,28.1
19:04:13,28.1
19:04:15,28.1
19:04:16,28.1
19:04:18,28.1
19:04:19,28.1
19:04:21,28.1
19:04:22,28.1
19:04:24,28.1
19:04:25,28.1
19:04:26,28.1
19:04:28,28.1
19:04:29,28.1
19:04:31,28.1
19:04:32,28.1
19:04:34,28.1
19:04:36,28.1
19:04:37,28.1
19:04:38,28.1
19:04:40,28.1
19:04:42,28.1
19:04:43,28.1
19:04:44,28.1
19:04:46,28.1
19:04:48,28.1
19:04:49,28.1
19:04:51,28.1
19:04:52,28.1
19:04:53,28.1
19:04:55,28.1
19:04:56,28.1
19:04:58,28.1
19:04:59,28.1
19:05:01,28.1
19:05:02,28.1
19:05:04,28.1
19:05:05,28.1
19:05:07,28.1
19:05:08,28.1
19:05:10,28.1
19:05:11,28.1
19:05:13,28.1
19:05:14,28.1
19:05:15,28.1
19:05:17,28.1
19:05:19,28.1
19:05:20,28.1
19:05:21,28.1
19:05:23,28.1
19:05:24,28.1
19:05:26,28.1
19:05:28,28.1
19:05:29,28.1
19:05:32,28.1
19:05:34,28.1
19:05:35,28.1
19:05:37,28.1
19:05:38,28.1
19:05:39,28.1
19:05:44,28.1
19:05:46,28.1
19:05:47,28.1
19:05:48,28.1
19:05:50,28.1
19:05:51,28.1
19:05:53,28.1
19:05:54,28.1
19:05:56,28.1
19:05:57,28.1
19:05:59,28.1
19:06:00,28.1
19:06:01,28.1
19:06:03,28.1
19:06:04,28.1
19:06:06,28.1
19:06:07,28.1
19:06:09,28.1
19:06:10,28.1
19:06:11,28.1
19:06:13,28.1
19:06:14,28.1
19:06:16,28.1
19:06:17,28.1
19:06:19,28.1
19:06:20,28.1
19:06:22,28.1
19:06:23,28.1
19:06:25,28.1
19:06:26,28.1
19:06:28,28.1
19:06:29,28.1
19:06:31,28.1
19:06:33,28.1
19:06:34,28.1
19:06:35,28.1
19:06:37,28.1
19:06:38,28.1
19:06:40,28.1
19:06:41,28.1
19:06:43,28.1
19:06:44,28.1
19:06:46,28.1
19:06:47,28.1
19:06:49,28.1
19:06:50,28.1
19:06:51,28.1
19:06:53,28.1
19:06:54,28.1
19:06:56,28.1
19:06:57,28.1
19:06:58,28.1
19:07:00,28.1
19:07:02,28.1
19:07:03,28.1
19:07:05,28.1
19:07:06,28.1
19:07:09,28.1
19:07:12,28.1
19:07:14,28.1
19:07:16,28.1
19:07:17,28.0
19:07:18,28.1
19:07:20,28.1
19:07:21,28.1
19:07:23,28.1
19:07:24,28.1
19:07:26,28.1
19:07:27,28.1
19:07:28,28.1
19:07:30,28.1
19:07:31,28.1
19:07:33,28.1
19:07:35,28.1
19:07:36,28.1
19:07:37,28.1
19:07:39,28.1
19:07:40,28.1
19:07:42,28.1
19:07:44,28.1
19:07:45,28.1
19:07:47,28.1
19:07:49,28.1
19:07:50,28.1
19:07:52,28.1
19:07:53,28.1
19:07:54,28.1
19:07:56,28.1
19:07:57,28.1
19:07:59,28.0
19:08:00,28.1
19:08:02,28.0
19:08:03,28.1
19:08:05,28.1
19:08:06,28.1
19:08:08,28.1
19:08:09,28.1
19:08:10,28.1
19:08:12,28.1
19:08:13,28.0
19:08:15,28.1
19:08:16,28.1
19:08:18,28.1
19:08:19,28.1
19:08:21,28.0
19:08:22,28.0
19:08:23,28.1
19:08:25,28.1
19:08:26,28.1
19:08:28,28.1
19:08:29,28.0
19:08:31,28.1
19:08:32,28.0
19:08:34,28.1
19:08:35,28.1
19:08:37,28.1
19:08:38,28.1
19:08:40,28.0
19:08:41,28.1
19:08:44,28.1
19:08:45,28.1
19:08:47,28.1
19:08:48,28.1
19:08:50,28.1
19:08:51,28.0
19:08:53,28.1
19:08:55,28.1
19:08:56,28.1
19:08:58,28.0
19:08:59,28.1
19:09:00,28.0
19:09:02,28.1
19:09:03,28.1
19:09:05,28.0
19:09:06,28.0
19:09:08,28.0
19:09:09,28.1
19:09:10,28.1
19:09:12,28.1
19:09:13,28.1
19:09:15,28.1
19:09:16,28.0
19:09:18,28.1
19:09:19,28.0
19:09:20,28.0
19:09:22,28.0
19:09:24,28.0
19:09:25,28.1
19:09:27,28.1
19:09:30,28.1
19:09:31,28.1
19:09:32,28.1
19:09:34,28.1
19:09:35,28.0
19:09:37,28.1
19:09:38,28.1
19:09:40,28.0
19:09:41,28.1
19:09:42,28.1
19:09:44,28.1
19:09:45,28.1
19:09:47,28.0
19:09:48,28.1
19:09:50,28.1
19:09:51,28.1
19:09:54,28.0
19:09:56,28.1
19:09:57,28.1
19:09:58,28.1
19:10:00,28.1
19:10:01,28.0
19:10:03,28.1
19:10:04,28.0
19:10:06,28.0
19:10:09,28.0
19:10:12,28.0
19:10:13,28.0
19:10:15,28.0
19:10:16,28.0
19:10:18,28.0
19:10:19,28.1
19:10:21,28.0
19:10:22,28.0
19:10:24,28.0
19:10:25,28.0
19:10:26,28.0
19:10:28,28.0
19:10:29,28.0
19:10:32,28.0
19:10:34,28.0
19:10:35,28.0
19:10:37,28.0
19:10:38,28.0
19:10:40,28.0
19:10:41,28.0
19:10:43,28.0
19:10:45,28.0
19:10:46,28.0
19:10:47,28.0
19:10:49,28.0
19:10:50,28.0
19:10:52,28.0
19:10:53,28.0
19:10:55,28.0
19:10:56,28.0
19:10:58,28.0
19:10:59,28.0
19:11:00,28.0
19:11:02,28.0
19:11:03,28.0
19:11:05,28.0
19:11:06,28.0
19:11:08,28.0
19:11:09,28.0
19:11:11,28.0
19:11:12,28.0
19:11:13,28.0
19:11:15,28.0
19:11:16,28.0
19:11:18,28.0
19:11:19,28.0
19:11:21,28.0
19:11:22,28.0
19:11:24,28.0
19:11:25,28.0
19:11:26,28.0
19:11:28,28.0
19:11:29,28.0
19:11:31,28.0
19:11:33,28.0
19:11:34,28.0
19:11:35,28.0
19:11:37,28.0
19:11:38,28.0
19:11:40,28.0
19:11:41,28.0
19:11:43,28.0
19:11:44,28.0
19:11:46,28.0
19:11:48,28.0
19:11:50,28.0
19:11:53,28.0
19:11:55,28.0
19:11:58,28.0
19:11:59,28.0
19:12:01,28.0
19:12:02,28.0
19:12:04,28.0
19:12:05,28.0
19:12:07,28.0
19:12:08,28.0
19:12:10,28.0
19:12:11,28.0
19:12:12,28.0
19:12:14,28.0
19:12:15,28.0
19:12:17,28.0
19:12:18,28.0
19:12:19,28.0
19:12:21,28.0
19:12:23,28.0
19:12:24,28.0
19:12:26,28.0
19:12:27,28.0
19:12:29,28.0
19:12:31,28.0
19:12:32,28.0
19:12:34,28.0
19:12:35,28.0
19:12:37,28.0
19:12:38,28.0
19:12:40,28.0
19:12:41,28.0
19:12:43,28.0
19:12:45,28.0
19:12:46,28.0
19:12:48,28.0
19:12:49,28.0
19:12:51,28.0
19:12:52,28.0
19:12:54,28.0
19:12:55,28.0
19:12:57,28.0
19:12:58,28.0
19:13:01,28.0
19:13:03,28.0
19:13:04,28.0
19:13:06,28.0
19:13:09,28.0
19:13:10,28.0
19:13:13,28.0
19:13:14,28.0
19:13:16,28.0
19:13:17,28.0
19:13:18,28.0
19:13:20,28.0
19:13:21,28.0
19:13:23,28.0
19:13:25,28.0
19:13:26,28.0
19:13:27,28.0
19:13:29,28.0
19:13:30,28.0
19:13:32,28.0
19:13:33,28.0
19:13:35,28.0
19:13:36,28.0
19:13:38,28.0
19:13:39,28.0
19:13:40,28.0
19:13:42,28.0
19:13:43,28.0
19:13:45,28.0
19:13:46,28.0
19:13:48,28.0
19:13:49,28.0
19:13:51,28.0
19:13:52,28.0
19:13:54,28.0
19:13:55,28.0
19:13:56,28.0
19:13:58,28.0
19:14:00,28.0
19:14:01,28.0
19:14:02,28.0
19:14:04,28.0
19:14:05,28.0
19:14:07,28.0
19:14:09,28.0
19:14:11,28.0
19:14:13,28.0
19:14:14,28.0
19:14:16,28.0
19:14:17,28.0
19:14:19,28.0
19:14:20,28.0
19:14:22,28.0
19:14:23,28.0
19:14:25,28.0
19:14:27,28.0
19:14:28,28.0
19:14:30,28.0
19:14:31,28.0
19:14:33,28.0
19:14:34,28.0
19:14:36,28.0
19:14:39,28.0
19:14:40,28.0
19:14:41,28.0
19:14:43,28.0
19:14:44,28.0
19:14:46,28.0
19:14:47,28.0
19:14:48,28.0
19:14:50,28.0
19:14:51,28.0
19:14:54,28.0
19:14:56,28.0
19:14:57,28.0
19:14:59,28.0
19:15:00,28.0
19:15:02,28.0
19:15:03,28.0
19:15:05,28.0
19:15:06,28.0
19:15:08,28.0
19:15:09,28.0
19:15:11,28.0
19:15:12,28.0
19:15:14,28.0
19:15:15,28.0
19:15:16,28.0
19:15:18,28.0
19:15:21,28.0
19:15:22,28.0
19:15:24,28.0
19:15:25,28.0
19:15:27,28.0
19:15:29,28.0
19:15:30,28.0
19:15:31,28.0
19:15:33,28.0
19:15:35,28.0
19:15:36,28.0
19:15:38,28.0
19:15:39,28.0
19:15:41,28.0
19:15:42,28.0
19:15:44,28.0
19:15:45,28.0
19:15:47,28.0
19:15:48,28.0
19:15:50,28.0
19:15:51,28.0
19:15:52,28.0
19:15:54,28.0
19:15:55,28.0
19:15:57,28.0
19:15:59,28.0
19:16:01,28.0
19:16:03,28.0
19:16:04,28.0
19:16:06,28.0
19:16:07,28.0
19:16:09,28.0
19:16:10,28.0
19:16:11,28.0
19:16:13,28.0
19:16:14,28.0
19:16:16,28.0
19:16:18,28.0
19:16:19,28.0
19:16:20,28.0
19:16:22,28.0
19:16:23,28.0
19:16:25,28.0
19:16:26,28.0
19:16:28,28.0
19:16:29,28.0
19:16:31,28.0
19:16:32,28.0
19:16:34,28.0
19:16:35,28.0
19:16:37,28.0
19:16:38,28.0
19:16:40,28.0
19:16:41,28.0
19:16:43,28.0
19:16:45,28.0
19:16:46,28.0
19:16:47,28.0
19:16:50,28.0
19:16:52,28.0
19:16:53,28.0
19:16:55,28.0
19:16:56,28.0
19:16:58,28.0
19:17:01,28.0
19:17:02,28.0
19:17:04,28.0
19:17:06,28.0
19:17:07,28.0
19:17:08,28.0
19:17:10,28.0
19:17:11,28.0
19:17:13,28.0
19:17:14,28.0
19:17:16,28.0
19:17:17,28.0
19:17:19,28.0
19:17:21,28.0
19:17:22,28.0
19:17:23,28.0
19:17:25,28.0
19:17:27,28.0
19:17:29,28.0
19:17:31,28.0
19:17:32,28.0
19:17:34,28.0
19:17:35,28.0
19:17:37,28.0
19:17:38,28.0
19:17:40,28.0
19:17:41,28.0
19:17:43,28.0
19:17:44,28.0
19:17:46,28.0
19:17:48,28.0
19:17:49,28.0
19:17:50,28.0
19:17:52,28.0
19:17:54,28.0
19:17:55,28.0
19:17:58,28.0
19:18:00,28.0
19:18:01,28.0
19:18:03,28.0
19:18:06,28.0
19:18:07,28.0
19:18:10,28.0
19:18:11,28.0
19:18:13,28.0
19:18:15,28.0
19:18:18,28.0
19:18:19,28.0
19:18:21,28.0
19:18:22,28.0
19:18:24,28.0
19:18:26,28.0
19:18:27,28.0
19:18:29,28.0
19:18:31,28.0
19:18:32,28.0
19:18:34,28.0
19:18:36,28.0
19:18:37,28.0
19:18:39,28.0
19:18:46,28.0
19:18:57,28.0
19:19:08,28.0
19:19:19,27.9
19:19:30,27.9
19:19:51,27.9
19:20:02,27.9
19:20:13,27.9
19:20:24,27.9
19:20:35,27.9
19:20:46,27.9
19:21:08,27.9
19:21:18,27.9
19:21:26,27.9
19:21:36,27.9
