Time,PMON 1,PMON_2,PMON_3,PMON_4,PMON_5,PMON_6
15:56:19,None,None,None,None,None,None
15:56:42,None,None,None,None,None,None
15:56:53,None,None,None,None,None,None
15:57:03,None,None,None,None,None,None
15:57:14,None,None,None,None,None,None
15:57:24,None,None,None,None,None,None
15:57:35,None,None,None,None,None,None
15:57:46,None,None,None,None,None,None
15:57:56,None,None,None,None,None,None
15:58:07,None,None,None,None,None,None
15:58:17,None,None,None,None,None,None
15:58:28,None,None,None,None,None,None
15:58:39,None,None,None,None,None,None
15:58:49,None,None,None,None,None,None
15:59:00,None,None,None,None,None,None
15:59:10,None,None,None,None,None,None
15:59:21,None,None,None,None,None,None
15:59:32,None,None,None,None,None,None
15:59:42,None,None,None,None,None,None
15:59:53,None,None,None,None,None,None
16:00:04,None,None,None,None,None,None
16:00:14,None,None,None,None,None,None
16:00:25,None,None,None,None,None,None
16:00:36,None,None,None,None,None,None
16:00:46,None,None,None,None,None,None
16:00:57,None,None,None,None,None,None
16:01:08,None,None,None,None,None,None
16:01:18,None,None,None,None,None,None
16:01:29,None,None,None,None,None,None
16:01:40,None,None,None,None,None,None
16:01:50,None,None,None,None,None,None
16:02:01,None,None,None,None,None,None
16:02:12,None,None,None,None,None,None
16:02:22,None,None,None,None,None,None
16:02:33,None,None,None,None,None,None
16:02:43,None,None,None,None,None,None
16:02:54,None,None,None,None,None,None
16:03:05,None,None,None,None,None,None
16:03:15,None,None,None,None,None,None
16:03:26,None,None,None,None,None,None
16:03:37,None,None,None,None,None,None
16:03:47,None,None,None,None,None,None
16:03:58,None,None,None,None,None,None
16:04:09,None,None,None,None,None,None
16:04:19,None,None,None,None,None,None
16:04:30,None,None,None,None,None,None
16:04:40,None,None,None,None,None,None
16:04:51,None,None,None,None,None,None
16:05:02,None,None,None,None,None,None
16:05:12,None,None,None,None,None,None
16:05:23,None,None,None,None,None,None
16:05:34,None,None,None,None,None,None
16:05:44,None,None,None,None,None,None
16:05:55,None,None,None,None,None,None
16:06:06,None,None,None,None,None,None
16:06:16,None,None,None,None,None,None
16:06:27,None,None,None,None,None,None
16:06:38,None,None,None,None,None,None
16:06:48,None,None,None,None,None,None
16:06:59,None,None,None,None,None,None
16:07:10,None,None,None,None,None,None
16:07:20,None,None,None,None,None,None
16:07:31,None,None,None,None,None,None
16:07:42,None,None,None,None,None,None
16:07:52,None,None,None,None,None,None
16:08:03,None,None,None,None,None,None
16:08:14,None,None,None,None,None,None
16:08:24,None,None,None,None,None,None
16:08:35,None,None,None,None,None,None
16:08:46,None,None,None,None,None,None
16:08:56,None,None,None,None,None,None
16:09:07,None,None,None,None,None,None
16:09:18,None,None,None,None,None,None
16:09:28,None,None,None,None,None,None
16:09:39,None,None,None,None,None,None
16:09:50,None,None,None,None,None,None
16:10:00,None,None,None,None,None,None
16:10:11,None,None,None,None,None,None
16:10:21,None,None,None,None,None,None
16:10:32,None,None,None,None,None,None
16:10:43,None,None,None,None,None,None
16:10:53,None,None,None,None,None,None
16:11:04,None,None,None,None,None,None
16:11:15,None,None,None,None,None,None
16:11:25,None,None,None,None,None,None
16:11:36,None,None,None,None,None,None
16:11:47,None,None,None,None,None,None
16:11:57,None,None,None,None,None,None
16:12:08,None,None,None,None,None,None
16:12:19,None,None,None,None,None,None
16:12:29,None,None,None,None,None,None
16:12:40,None,None,None,None,None,None
16:12:51,None,None,None,None,None,None
16:13:01,None,None,None,None,None,None
16:13:12,None,None,None,None,None,None
16:13:22,None,None,None,None,None,None
16:13:33,None,None,None,None,None,None
16:13:44,None,None,None,None,None,None
16:13:54,None,None,None,None,None,None
16:14:05,None,None,None,None,None,None
16:14:16,None,None,None,None,None,None
16:14:26,None,None,None,None,None,None
16:14:37,None,None,None,None,None,None
16:14:48,None,None,None,None,None,None
16:14:58,None,None,None,None,None,None
16:15:09,None,None,None,None,None,None
16:15:20,None,None,None,None,None,None
16:15:30,None,None,None,None,None,None
16:15:41,None,None,None,None,None,None
16:15:52,None,None,None,None,None,None
16:16:02,None,None,None,None,None,None
16:16:13,None,None,None,None,None,None
16:16:24,None,None,None,None,None,None
16:16:34,None,None,None,None,None,None
16:16:45,None,None,None,None,None,None
16:16:56,None,None,None,None,None,None
16:17:06,None,None,None,None,None,None
16:17:17,None,None,None,None,None,None
16:17:28,None,None,None,None,None,None
16:17:38,None,None,None,None,None,None
16:17:49,None,None,None,None,None,None
16:18:00,None,None,None,None,None,None
16:18:10,None,None,None,None,None,None
16:18:21,None,None,None,None,None,None
16:18:31,None,None,None,None,None,None
16:18:42,None,None,None,None,None,None
16:18:53,None,None,None,None,None,None
16:19:03,None,None,None,None,None,None
16:19:14,None,None,None,None,None,None
16:19:25,None,None,None,None,None,None
16:19:35,None,None,None,None,None,None
16:19:46,None,None,None,None,None,None
16:19:57,None,None,None,None,None,None
16:20:07,None,None,None,None,None,None
16:20:18,None,None,None,None,None,None
16:20:29,None,None,None,None,None,None
16:20:39,None,None,None,None,None,None
16:20:50,None,None,None,None,None,None
16:21:01,None,None,None,None,None,None
16:21:11,None,None,None,None,None,None
16:21:22,None,None,None,None,None,None
16:21:33,None,None,None,None,None,None
16:21:43,None,None,None,None,None,None
16:21:54,None,None,None,None,None,None
16:22:05,None,None,None,None,None,None
16:22:15,None,None,None,None,None,None
16:22:26,None,None,None,None,None,None
16:22:37,None,None,None,None,None,None
16:22:47,None,None,None,None,None,None
16:22:58,None,None,None,None,None,None
16:23:09,None,None,None,None,None,None
16:23:19,None,None,None,None,None,None
16:23:30,None,None,None,None,None,None
16:23:40,None,None,None,None,None,None
16:23:51,None,None,None,None,None,None
16:24:02,None,None,None,None,None,None
16:24:12,None,None,None,None,None,None
16:24:23,None,None,None,None,None,None
16:24:34,None,None,None,None,None,None
16:24:44,None,None,None,None,None,None
16:24:55,None,None,None,None,None,None
16:25:06,None,None,None,None,None,None
16:25:16,None,None,None,None,None,None
16:25:27,None,None,None,None,None,None
16:25:38,None,None,None,None,None,None
16:25:48,None,None,None,None,None,None
16:25:59,None,None,None,None,None,None
16:26:09,None,None,None,None,None,None
16:26:20,None,None,None,None,None,None
16:26:31,None,None,None,None,None,None
16:26:41,None,None,None,None,None,None
16:26:52,None,None,None,None,None,None
16:27:03,None,None,None,None,None,None
16:27:13,None,None,None,None,None,None
16:27:24,None,None,None,None,None,None
16:27:35,None,None,None,None,None,None
16:27:45,None,None,None,None,None,None
16:27:56,None,None,None,None,None,None
16:28:07,None,None,None,None,None,None
16:28:17,None,None,None,None,None,None
16:28:28,None,None,None,None,None,None
16:28:39,None,None,None,None,None,None
16:28:49,None,None,None,None,None,None
16:29:00,None,None,None,None,None,None
16:29:10,None,None,None,None,None,None
16:29:21,None,None,None,None,None,None
16:29:32,None,None,None,None,None,None
16:29:42,None,None,None,None,None,None
16:29:53,None,None,None,None,None,None
16:30:04,None,None,None,None,None,None
16:30:14,None,None,None,None,None,None
16:30:25,None,None,None,None,None,None
16:30:36,None,None,None,None,None,None
16:30:46,None,None,None,None,None,None
16:30:57,None,None,None,None,None,None
16:31:08,None,None,None,None,None,None
16:31:18,None,None,None,None,None,None
16:31:29,None,None,None,None,None,None
16:31:40,None,None,None,None,None,None
16:31:50,None,None,None,None,None,None
16:32:01,None,None,None,None,None,None
16:32:12,None,None,None,None,None,None
16:32:22,None,None,None,None,None,None
16:32:33,None,None,None,None,None,None
16:32:44,None,None,None,None,None,None
16:32:54,None,None,None,None,None,None
16:33:05,None,None,None,None,None,None
16:33:16,None,None,None,None,None,None
16:33:26,None,None,None,None,None,None
16:33:37,None,None,None,None,None,None
16:33:48,None,None,None,None,None,None
16:33:58,None,None,None,None,None,None
16:34:09,None,None,None,None,None,None
16:34:19,None,None,None,None,None,None
16:34:30,None,None,None,None,None,None
16:34:41,None,None,None,None,None,None
16:34:51,None,None,None,None,None,None
16:35:02,None,None,None,None,None,None
16:35:13,None,None,None,None,None,None
16:35:23,None,None,None,None,None,None
16:35:34,None,None,None,None,None,None
16:35:45,None,None,None,None,None,None
16:35:55,None,None,None,None,None,None
16:36:06,None,None,None,None,None,None
16:36:17,None,None,None,None,None,None
16:36:27,None,None,None,None,None,None
16:36:38,None,None,None,None,None,None
16:36:48,None,None,None,None,None,None
16:36:59,None,None,None,None,None,None
16:37:10,None,None,None,None,None,None
16:37:20,None,None,None,None,None,None
16:37:31,None,None,None,None,None,None
16:37:42,None,None,None,None,None,None
16:37:52,None,None,None,None,None,None
16:38:03,None,None,None,None,None,None
16:38:14,None,None,None,None,None,None
16:38:24,None,None,None,None,None,None
16:38:35,None,None,None,None,None,None
16:38:46,None,None,None,None,None,None
16:38:56,None,None,None,None,None,None
16:39:07,None,None,None,None,None,None
16:39:18,None,None,None,None,None,None
16:39:28,None,None,None,None,None,None
16:39:39,None,None,None,None,None,None
16:39:50,None,None,None,None,None,None
16:40:00,None,None,None,None,None,None
16:40:11,None,None,None,None,None,None
16:40:22,None,None,None,None,None,None
16:40:32,None,None,None,None,None,None
16:40:43,None,None,None,None,None,None
16:40:53,None,None,None,None,None,None
16:41:04,None,None,None,None,None,None
16:41:15,None,None,None,None,None,None
16:41:25,None,None,None,None,None,None
16:41:36,None,None,None,None,None,None
16:41:47,None,None,None,None,None,None
16:41:58,None,None,None,None,None,None
16:42:08,None,None,None,None,None,None
16:42:19,None,None,None,None,None,None
16:42:30,None,None,None,None,None,None
16:42:40,None,None,None,None,None,None
16:42:51,None,None,None,None,None,None
16:43:02,None,None,None,None,None,None
16:43:12,None,None,None,None,None,None
16:43:23,None,None,None,None,None,None
16:43:34,None,None,None,None,None,None
16:43:44,None,None,None,None,None,None
16:43:55,None,None,None,None,None,None
16:44:06,None,None,None,None,None,None
16:44:16,None,None,None,None,None,None
16:44:27,None,None,None,None,None,None
16:44:38,None,None,None,None,None,None
16:44:49,None,None,None,None,None,None
16:44:59,None,None,None,None,None,None
16:45:10,None,None,None,None,None,None
16:45:21,None,None,None,None,None,None
16:45:31,None,None,None,None,None,None
16:45:42,None,None,None,None,None,None
16:45:53,None,None,None,None,None,None
16:46:03,None,None,None,None,None,None
16:46:14,None,None,None,None,None,None
16:46:25,None,None,None,None,None,None
16:46:35,None,None,None,None,None,None
16:46:46,None,None,None,None,None,None
16:46:57,None,None,None,None,None,None
16:47:07,None,None,None,None,None,None
16:47:18,None,None,None,None,None,None
16:47:29,None,None,None,None,None,None
16:47:39,None,None,None,None,None,None
16:47:50,None,None,None,None,None,None
16:48:01,None,None,None,None,None,None
16:48:11,None,None,None,None,None,None
16:48:22,None,None,None,None,None,None
16:48:32,None,None,None,None,None,None
16:48:43,None,None,None,None,None,None
16:48:54,None,None,None,None,None,None
16:49:04,None,None,None,None,None,None
16:49:15,None,None,None,None,None,None
16:49:26,None,None,None,None,None,None
16:49:36,None,None,None,None,None,None
16:49:47,None,None,None,None,None,None
16:49:58,None,None,None,None,None,None
16:50:09,None,None,None,None,None,None
16:50:19,None,None,None,None,None,None
16:50:30,None,None,None,None,None,None
16:50:41,None,None,None,None,None,None
16:50:51,None,None,None,None,None,None
16:51:02,None,None,None,None,None,None
16:51:13,None,None,None,None,None,None
16:51:23,None,None,None,None,None,None
16:51:34,None,None,None,None,None,None
16:51:45,None,None,None,None,None,None
16:51:56,None,None,None,None,None,None
16:52:06,None,None,None,None,None,None
16:52:17,None,None,None,None,None,None
16:52:28,None,None,None,None,None,None
16:52:39,None,None,None,None,None,None
16:52:49,None,None,None,None,None,None
16:53:00,None,None,None,None,None,None
16:53:10,None,None,None,None,None,None
16:53:21,None,None,None,None,None,None
16:53:32,None,None,None,None,None,None
16:53:43,None,None,None,None,None,None
16:53:53,None,None,None,None,None,None
16:54:04,None,None,None,None,None,None
16:54:15,None,None,None,None,None,None
16:54:25,None,None,None,None,None,None
16:54:36,None,None,None,None,None,None
16:54:47,None,None,None,None,None,None
16:54:58,None,None,None,None,None,None
16:55:08,None,None,None,None,None,None
16:55:19,None,None,None,None,None,None
16:55:30,None,None,None,None,None,None
16:55:40,None,None,None,None,None,None
16:55:51,None,None,None,None,None,None
16:56:02,None,None,None,None,None,None
16:56:13,None,None,None,None,None,None
16:56:23,None,None,None,None,None,None
16:56:34,None,None,None,None,None,None
16:56:45,None,None,None,None,None,None
16:56:55,None,None,None,None,None,None
16:57:06,None,None,None,None,None,None
16:57:17,None,None,None,None,None,None
16:57:27,None,None,None,None,None,None
16:57:38,None,None,None,None,None,None
16:57:49,None,None,None,None,None,None
16:58:00,None,None,None,None,None,None
16:58:10,None,None,None,None,None,None
16:58:21,None,None,None,None,None,None
16:58:32,None,None,None,None,None,None
16:58:42,None,None,None,None,None,None
16:58:53,None,None,None,None,None,None
16:59:04,None,None,None,None,None,None
16:59:15,None,None,None,None,None,None
16:59:25,None,None,None,None,None,None
16:59:36,None,None,None,None,None,None
16:59:47,None,None,None,None,None,None
16:59:58,None,None,None,None,None,None
17:00:08,None,None,None,None,None,None
17:00:19,None,None,None,None,None,None
17:00:30,None,None,None,None,None,None
17:00:40,None,None,None,None,None,None
17:00:51,None,None,None,None,None,None
17:01:02,None,None,None,None,None,None
17:01:13,None,None,None,None,None,None
17:01:24,None,None,None,None,None,None
17:01:34,None,None,None,None,None,None
17:01:45,None,None,None,None,None,None
17:01:56,None,None,None,None,None,None
17:02:06,None,None,None,None,None,None
17:02:17,None,None,None,None,None,None
17:02:28,None,None,None,None,None,None
17:02:39,None,None,None,None,None,None
17:02:49,None,None,None,None,None,None
17:03:00,None,None,None,None,None,None
17:03:11,None,None,None,None,None,None
17:03:22,None,None,None,None,None,None
17:03:32,None,None,None,None,None,None
17:03:43,None,None,None,None,None,None
17:03:54,None,None,None,None,None,None
17:04:05,None,None,None,None,None,None
17:04:15,None,None,None,None,None,None
17:04:26,None,None,None,None,None,None
17:04:37,None,None,None,None,None,None
17:04:48,None,None,None,None,None,None
17:04:59,None,None,None,None,None,None
17:05:09,None,None,None,None,None,None
17:05:20,None,None,None,None,None,None
17:05:31,None,None,None,None,None,None
17:05:42,None,None,None,None,None,None
17:05:53,None,None,None,None,None,None
17:06:03,None,None,None,None,None,None
17:06:14,None,None,None,None,None,None
17:06:25,None,None,None,None,None,None
17:06:35,None,None,None,None,None,None
17:06:46,None,None,None,None,None,None
17:06:57,None,None,None,None,None,None
17:07:08,None,None,None,None,None,None
17:07:18,None,None,None,None,None,None
17:07:29,None,None,None,None,None,None
17:07:40,None,None,None,None,None,None
17:07:50,None,None,None,None,None,None
17:08:01,None,None,None,None,None,None
17:08:12,None,None,None,None,None,None
17:08:23,None,None,None,None,None,None
17:08:33,None,None,None,None,None,None
17:08:44,None,None,None,None,None,None
17:08:55,None,None,None,None,None,None
17:09:06,None,None,None,None,None,None
17:09:16,None,None,None,None,None,None
17:09:27,None,None,None,None,None,None
17:09:38,None,None,None,None,None,None
17:09:49,None,None,None,None,None,None
17:09:59,None,None,None,None,None,None
17:10:10,None,None,None,None,None,None
17:10:21,None,None,None,None,None,None
17:10:32,None,None,None,None,None,None
17:10:43,None,None,None,None,None,None
17:10:53,None,None,None,None,None,None
17:11:04,None,None,None,None,None,None
17:11:15,None,None,None,None,None,None
17:11:26,None,None,None,None,None,None
17:11:37,None,None,None,None,None,None
17:11:47,None,None,None,None,None,None
17:11:58,None,None,None,None,None,None
17:12:09,None,None,None,None,None,None
17:12:20,None,None,None,None,None,None
17:12:31,None,None,None,None,None,None
17:12:42,None,None,None,None,None,None
17:12:53,None,None,None,None,None,None
17:13:03,None,None,None,None,None,None
17:13:14,None,None,None,None,None,None
17:13:25,None,None,None,None,None,None
17:13:36,None,None,None,None,None,None
17:13:47,None,None,None,None,None,None
17:13:58,None,None,None,None,None,None
17:14:09,None,None,None,None,None,None
17:14:20,None,None,None,None,None,None
17:14:30,None,None,None,None,None,None
17:14:41,None,None,None,None,None,None
17:14:52,None,None,None,None,None,None
17:15:03,None,None,None,None,None,None
17:15:14,None,None,None,None,None,None
17:15:25,None,None,None,None,None,None
17:15:36,None,None,None,None,None,None
17:15:46,None,None,None,None,None,None
17:15:57,None,None,None,None,None,None
17:16:08,None,None,None,None,None,None
17:16:19,None,None,None,None,None,None
17:16:30,None,None,None,None,None,None
17:16:41,None,None,None,None,None,None
17:16:52,None,None,None,None,None,None
17:17:03,None,None,None,None,None,None
17:17:14,None,None,None,None,None,None
17:17:24,None,None,None,None,None,None
17:17:35,None,None,None,None,None,None
17:17:46,None,None,None,None,None,None
17:17:57,None,None,None,None,None,None
17:18:08,None,None,None,None,None,None
17:18:19,None,None,None,None,None,None
17:18:30,None,None,None,None,None,None
17:18:41,None,None,None,None,None,None
17:18:52,None,None,None,None,None,None
17:19:03,None,None,None,None,None,None
17:19:13,None,None,None,None,None,None
17:19:24,None,None,None,None,None,None
17:19:35,None,None,None,None,None,None
17:19:46,None,None,None,None,None,None
17:19:57,None,None,None,None,None,None
17:20:08,None,None,None,None,None,None
17:20:19,None,None,None,None,None,None
17:20:30,None,None,None,None,None,None
17:20:41,None,None,None,None,None,None
17:20:52,None,None,None,None,None,None
17:21:03,None,None,None,None,None,None
17:21:14,None,None,None,None,None,None
17:21:24,None,None,None,None,None,None
17:21:35,None,None,None,None,None,None
17:21:46,None,None,None,None,None,None
17:21:57,None,None,None,None,None,None
17:22:08,None,None,None,None,None,None
17:22:19,None,None,None,None,None,None
17:22:30,None,None,None,None,None,None
17:22:41,None,None,None,None,None,None
17:22:52,None,None,None,None,None,None
17:23:03,None,None,None,None,None,None
17:23:14,None,None,None,None,None,None
17:23:25,None,None,None,None,None,None
17:23:36,None,None,None,None,None,None
17:23:47,None,None,None,None,None,None
17:23:58,None,None,None,None,None,None
17:24:09,None,None,None,None,None,None
17:24:20,None,None,None,None,None,None
17:24:31,None,None,None,None,None,None
17:24:41,None,None,None,None,None,None
17:24:52,None,None,None,None,None,None
17:25:04,None,None,None,None,None,None
17:25:14,None,None,None,None,None,None
17:25:26,None,None,None,None,None,None
17:25:37,None,None,None,None,None,None
17:25:47,None,None,None,None,None,None
17:25:58,None,None,None,None,None,None
17:26:09,None,None,None,None,None,None
17:26:20,None,None,None,None,None,None
17:26:31,None,None,None,None,None,None
17:26:42,None,None,None,None,None,None
17:26:53,None,None,None,None,None,None
17:27:04,None,None,None,None,None,None
17:27:15,None,None,None,None,None,None
17:27:26,None,None,None,None,None,None
17:27:37,None,None,None,None,None,None
17:27:48,None,None,None,None,None,None
17:27:59,None,None,None,None,None,None
17:28:10,None,None,None,None,None,None
17:28:21,None,None,None,None,None,None
17:28:32,None,None,None,None,None,None
17:28:43,None,None,None,None,None,None
17:28:54,None,None,None,None,None,None
17:29:05,None,None,None,None,None,None
17:29:16,None,None,None,None,None,None
17:29:27,None,None,None,None,None,None
17:29:38,None,None,None,None,None,None
17:29:49,None,None,None,None,None,None
17:30:00,None,None,None,None,None,None
17:30:11,None,None,None,None,None,None
17:30:22,None,None,None,None,None,None
17:30:33,None,None,None,None,None,None
